RCT_ID,Title,Full text,Paper mill,Unnamed: 4,Title_New,DOI,Citations,Author,Journal,Republish,Retraction notes,Retraction initiator,RetractionDate,Date of Publish,Suvival,Reason for retraction,Reason,Data sharing statement,Raw data sharing,Funding (沓埻恅),Registration,Registration No.,Date of first submission,Study start date,Condition (disease),Center
1,"Boldt J, M邦ller M, Heesen M, et al. Influence of different volume therapies on platelet function in the critically ill. Intensive Care Med. 1996;22:1075每81.",Yes,No,,Influence of different volume therapies on platelet function in the critically ill,10.1007/BF01699231,98,Boldt J,Intensive Care Med,No,"The Editor-in-Chief has retracted this article. A statement by Justus Liebig University (JLU) [1] on the scientific credibility of articles by Joachim Boldt has recommended that journal editors consider retracting all articles ""where Boldt is the responsible author even if there is no obvious indication of falsification"". Given the concerns about the studies performed by Joachim Boldt the Editor-in-Chief no longer has confidence in the work reported in this article. J. Boldt and M. M邦ller have not responded to correspondence from the Publisher about this retraction. The Publisher has not been able to obtain a current email address for M. Heesen, O. Heyn and G. Hempelmann.",Editor,2023-04-11 00:00:00,1996-10-01 00:00:00,322.9333333,L2Concerns/Issues About Data; Investigation by Company/Institution; Unreliable Results;,Data,N,Not reported,Not reported,N,,,,Platelet function in the critically ill,Single
5,"Ye X, Bo X, Hu X, et al. Efficacy and safety of mycophenolate mofetil in patients with active moderate-to-severe Graves＊ orbitopathy. Clin Endocrinol (Oxf). 2016;86:247每55.",Yes,No,,Efficacy and safety of mycophenolate mofetil in patients with active moderate-to-severe Graves＊ orbitopathy,10.1111/cen.13170.,94,Ye X,Clin Endocrinol (Oxf),No,"The above article from Clinical Endocrinology, published online on August 3, 2016 in Wiley Online Library (https://onlinelibrary.wiley.com/doi/10.1111/cen.13170) has been retracted by agreement between the journal Senior Editors, Aled Rees and Maralyn Druce, and John Wiley & Sons Ltd. This retraction has been agreed due to unattributed overlap of data between this article and the following article published in European Journal of Endocrinology (Ye X, Zhao H, Liu J, et al. Efficacy and safety of tripterygium glycosides for active moderate to severe Graves' ophthalmopathy: a randomised, observer-masked, single-centre trial. Eur J Endocrinol. 2021;184[2]:277-287). The article published in European Journal of Endocrinology has since been retracted due to ※a serious error with the data used in the analysis which rendered the results and conclusions of this article invalid.§ The authors have been informed of the decision to retract.",Editor,2023-02-24 00:00:00,2016-09-07 00:00:00,78.7,Error in Data; Error in Results and/or Conclusions;,Data,N,Not reported,Government,N,,,,Graves' orbitopathy,Single
18,"Badawy AM, Khiary M, Sherif LS, et al. Low-molecular weight heparin in patients with recurrent early miscarriages of unknown aetiology. J Obstet Gynaecol (Lahore). 2008;28:280每4.",Yes,No,,Low-molecular weight heparin in patients with recurrent early miscarriages of unknown aetiology,10.1080/01443610802042688.,187,Badawy AM,J Obstet Gynaecol (Lahore),No,"We, the Editor and Publisher of the Journal of Obstetrics and Gynaecology, have retracted the following article: A. M. Badawy, M. Khiary, L. S. Sherif, M. Hassan, A. Ragab & I. Abdelall (2008) Low-molecular weight heparin in patients with recurrent early miscarriages of unknown aetiology, Journal of Obstetrics and Gynaecology, 28:3, 280-284, DOI: 10.1080/01443610802042688 Since publication, significant concerns have been raised about the integrity of the data and reported results in the article, including several errors in the statistical analysis in Table 3. The authors have not adequately addressed the concerns raised, and they have not provided their original data or sufficient documentation that might confirm that the study was conducted in compliance with the journal＊s policies on clinical research. As we cannot verify the validity of the published work or that it complied with our policies on clinical trials, we are therefore retracting the article. The authors listed in this publication have been informed, and they do not agree with the retraction. We have been informed in our decision-making by our policy on publishing ethics and integrity and the COPE guidelines on retractions. The retracted article will remain online to maintain the scholarly record, but it will be digitally watermarked on each page as ＆Retracted＊.",Editor,2022-11-11 00:00:00,2009-07-02 00:00:00,162.6666667,Concerns/Issues About Data; Concerns/Issues About Results; Unreliable Results;,Data,N,Not reported,Not reported,N,,,,Recurrent early miscarriages of unknown aetiology,Multiple
22,"Boldt J, von Bormann B, Kling D, et al. Preoperative plasmapheresis in patients undergoing cardiac surgery procedures. Anesthesiology. 1990;72:282每8.",Yes,No,,Preoperative plasmapheresis in patients undergoing cardiac surgery procedures,10.1097/00000542-199002000-00013.,90,Boldt J,Anesthesiology,No,"The article by Boldt et al., entitled ※Preoperative plasmapheresis in patients undergoing cardiac surgery procedures§ by J Boldt, B von Bormann, D Kling, M Jacobi, R Moosdorf, G Hempelmann, published in Anesthesiology 1990; 72:282-8, has been retracted in its entirety by the Journal Editor-in-Chief, Evan Kharasch, M.D., Ph.D. This article is being retracted following an investigation at Justus Liebig University, Giessen, Germany concerning allegations that Dr. Boldt manipulated and falsified data in several published articles, and which ※recommends that journal editors retract all papers where Dr. Boldt is the responsible author even if there is no obvious indication of falsification.§1",Editor,2022-10-13 00:00:00,1990-02-01 00:00:00,398.0666667,Concerns/Issues About Data; Investigation by Third Party; Misconduct - Official Investigation/Finding; Misconduct by Author;,Data,N,Not reported,Not reported,N,,,,Cardiac surgery procedures,Not reported
59,"Safarinejad MR, Hosseini SY. Safety and efficacy of tramadol in the treatment of premature ejaculation: a double-blind, placebo-controlled, fixed-dose, randomized study. J Clin Psychopharmacol. 2006;26:27每31.",Yes,No,,"Safety and efficacy of tramadol in the treatment of premature ejaculation: a double-blind, placebo-controlled, fixed-dose, randomized study",10.1097/01.jcp.0000195110.79027.3f.,161,Safarinejad MR,J Clin Psychopharmacol,No,"The Editors and Publisher retract the article ""Safety and Efficacy of Tramadol in the Treatment of Premature Ejaculation: A Double-blind, Placebo-Controlled,Fixed-Dose, Randomized Sudy""by Safarinejad and Hosseini published in the journal of Clinical Psychopharmacology (vol. 26, pp, 27-31, February 2006), The Editors have concerns about the integrity of the data.",Editor,2022-03-01 00:00:00,2006-02-01 00:00:00,195.7333333,Concerns/Issues About Data;,Data,N,Not reported,Not reported,N,,,,Premature ejaculation,Not reported
78,"El-refaie W, Abdelhafez MS, Badawy A. Vaginal progesterone for prevention of preterm labor in asymptomatic twin pregnancies with sonographic short cervix: a randomized clinical trial of efficacy and safety. Arch Gynecol Obstet. 2016;293:61每7.",Yes,No,,Vaginal progesterone for prevention of preterm labor in asymptomatic twin pregnancies with sonographic short cervix: a randomized clinical trial of efficacy and safety,10.1007/s00404-015-3767-1.,90,El-refaie W,Arch Gynecol Obstet,No,"The Editor-in-Chief has retracted this article. Contrary to the statement in the article, the authors did not obtain approval from a research ethics committee before conducting this interventional randomized control trial and therefore this study is in breach of the Declaration of Helsinki [1] and the editorial policy of the Journal. Concerns about the data reported in the article are under investigation by the University of Mansoura. Waleed El-Refaie stated on behalf of all co-authors that they do not agree with this retraction.",Editor,2021-07-27 00:00:00,2015-06-05 00:00:00,74.8,Breach of Policy by Author; Lack of IRB/IACUC Approval; Objections by Author(s); Upgrade/Update of Prior Notice;,N,N,Not reported,Not reported,N,,,,Preterm labor in asymptomatic twin pregnancies with sonographic short cervix,Multiple
93,"Asemi Z, Samimi M, Tabassi Z, et al. Vitamin D supplementation affects serum high-sensitivity C-reactive protein, insulin resistance, and biomarkers of oxidative stress in pregnant women. J Nutr. 2013;143:1432每8.",Yes,No,,"Vitamin D supplementation affects serum high-sensitivity C-reactive protein, insulin resistance, and biomarkers of oxidative stress in pregnant women",10.3945/jn.113.177550.,188,Asemi Z,J Nutr,No,"Retraction of Vitamin D Supplementation Affects Serum High-Sensitivity C-Reactive Protein, Insulin Resistance, and Biomarkers of Oxidative Stress in Pregnant Women. J Nutr 2013;143(9):1432每38. The Editor-in-Chief is retracting this article due to concerns about the validity of participant data in the study.",Editor,2021-05-11 00:00:00,2013-07-24 00:00:00,94.93333333,Concerns/Issues About Data; Investigation by Journal/Publisher; Upgrade/Update of Prior Notice;,Data,N,Not reported,Institution,N,,,,"Serum high-sensitivity c-reactive protein, insulin resistance, and biomarkers of oxidative stress in pregnant women",Single
94,"Sepehrmanesh Z, Kolahdooz F, Abedi F, et al. Vitamin D supplementation affects the beck depression inventory, insulin resistance, and biomarkers of oxidative stress in patients with major depressive disorder: a randomized, controlled clinical trial. J Nutr. 2016;146:243每8.",Yes,No,,"Vitamin D supplementation affects the beck depression inventory, insulin resistance, and biomarkers of oxidative stress in patients with major depressive disorder: a randomized, controlled clinical trial",10.3945/jn.115.218883.,224,Sepehrmanesh Z,J Nutr,No,"Retraction of Vitamin D Supplementation Affects the Beck Depression Inventory, Insulin Resistance, and Biomarkers of Oxidative Stress in Patients with Major Depressive Disorder: A Randomized, Controlled Clinical Trial. J Nutr 2016;146(2):243每8. The Editor-in-Chief is retracting this article due to concerns about the validity of participant data in the study.",Editor,2021-05-11 00:00:00,2015-11-25 00:00:00,66.46666667,Concerns/Issues About Data; Investigation by Journal/Publisher; Upgrade/Update of Prior Notice;,Data,N,Not reported,Institution,Y,IRCT201412065623N29,2014-12-19 00:00:00,2014-11-01 00:00:00,Major depressive disorder,Single
96,"Asemi Z, Hashemi T, Karamali M, et al. Effects of vitamin D supplementation on glucose metabolism, lipid concentrations, inflammation, and oxidative stress in gestational diabetes: a double-blind randomized controlled clinical trial. Am J Clin Nutr. 2013;98:1425每32.",Yes,No,,"Effects of vitamin D supplementation on glucose metabolism, lipid concentrations, inflammation, and oxidative stress in gestational diabetes: a double-blind randomized controlled clinical trial",10.3945/ajcn.113.072785.,289,Asemi Z,Am J Clin Nutr,No,"Retraction of Effects of vitamin D supplementation on glucose metabolism, lipid concentrations, inflammation, and oxidative stress in gestational diabetes: a double-blind randomized controlled clinical trial. Am J Clin Nutr 2013;98(6):1425每32. The Editor-in-Chief is retracting this article due to concerns about the validity of participant data in the study.",Editor,2021-05-08 00:00:00,2013-10-16 00:00:00,92.03333333,Concerns/Issues About Data; Upgrade/Update of Prior Notice;,Data,N,Not reported,Others,Y,IRCT201305115623N7,2013-05-23 00:00:00,2013-05-15 00:00:00,Gestational diabetes,Single
97,"Asemi Z, Karamali M, Jamilian M, et al. Magnesium supplementation affects metabolic status and pregnancy outcomes in gestational diabetes: a randomized, double-blind, placebo-controlled trial. Am J Clin Nutr. 2015;102:222每9.",Yes,No,,"Magnesium supplementation affects metabolic status and pregnancy outcomes in gestational diabetes: a randomized, double-blind, placebo-controlled trial",10.3945/ajcn.114.098616.,91,Asemi Z,Am J Clin Nutr,No,"Retraction of Magnesium supplementation affects metabolic status and pregnancy outcomes in gestational diabetes: a randomized, double-blind, placebo-controlled trial. Am J Clin Nutr 2015;102(1):222每9. The Editor-in-Chief is retracting this article due to concerns about the validity of participant data in the study.",Editor,2021-05-08 00:00:00,2015-05-27 00:00:00,72.43333333,Concerns/Issues About Data; Upgrade/Update of Prior Notice;,Data,N,Not reported,Institution,Y,IRCT201503055623N39,2015-03-10 00:00:00,2014-01-11 00:00:00,Gestational diabetes,Single
120,"Ruiz-Tovar J, Carbajo MA, Jimenez JM, et al. Long-term follow-up after sleeve gastrectomy versus Roux-en-Y gastric bypass versus one-anastomosis gastric bypass: a prospective randomized comparative study of weight loss and remission of comorbidities. Surg Endosc. 2019;33:401每10.",Yes,No,,Long-term follow-up after sleeve gastrectomy versus Roux-en-Y gastric bypass versus one-anastomosis gastric bypass: a prospective randomized comparative study of weight loss and remission of comorbidities,10.1007/s00464-018-6307-9.,134,Ruiz-Tovar J,Surg Endosc,No,The authors have retracted this article [1]. After publication concerns were raised about the data presented. The authors have reviewed their records and have identified errors in the transcription of data collected for the study to their database which make the results and conclusions unreliable. Miguel Angel Carbajo was unaware of the publication of this article. All authors agree with this retraction.,Author,2021-01-16 00:00:00,2018-06-25 00:00:00,31.2,Error in Data; Error in Methods; Unreliable Results;,Data,N,Not reported,Not reported,Y,NCT03467646,2018-03-10 00:00:00,2010-06-01 00:00:00,Sleeve gastrectomy versus?roux-en-y gastric bypass versus?one-anastomosis gastric bypass,Not reported
122,"Boldt J, Heesen M, Padberg W, et al. The influence of volume therapy and pentoxifylline infusion on circulating adhesion molecules in trauma patients. Anaesthesia. 1996;51:529每35.",Yes,No,,The influence of volume therapy and pentoxifylline infusion on circulating adhesion molecules in trauma patients,10.1111/j.1365-2044.1996.tb12557.x.,69,Boldt J,Anaesthesia,No,"Retraction: Boldt J, Heesen M, Padberg W, Martin K, Hempelmann G. The influence of volume therapy and pentoxifylline infusion on circulating adhesion molecules in trauma patients. The above article from the Anaesthesia, published online June 1996 in Wiley Online Library (https://associationofanaesthetists-publications.onlinelibrary.wiley.com/doi/abs/10.1111/j.1365-2044.1996.tb12557.x?sid=nlm%3Apubmed), and in Volume 51, pp. 529每35, has been retracted by agreement between the journal's Editor-in-Chief, Dr Andrew Klein and John Wiley and Sons Ltd. This retraction follows an investigation by Jacob-Liebig-University into the research conduct of J. Boldt while teaching at the university and working at the Hospital of the City of Ludwigshafen. They found that data included in his student's MD theses were significantly different from the data in the published research papers where J. Boldt was the responsible author. Findings in the investigation include changed mean values and standard deviations providing considerably more positive results. Therefore the Jacob-Liebig-University recommends that journal editors retract all papers where J. Boldt is the responsible author.",Editor,2021-01-14 00:00:00,1996-06-01 00:00:00,299.7666667,Falsification/Fabrication of Data; Investigation by Company/Institution; Manipulation of Results; Misconduct - Official Investigation/Finding; Misconduct by Author;,Data,N,Not reported,Not reported,N,,,,Trauma patients,Not reported
133,"Boldt J, Knothe C, Zickmann B, et al. Influence of different intravascular volume therapies on platelet function in patients undergoing cardiopulmonary bypass. Anesth Analg. 1993;76:1185每90.",Yes,No,,Influence of different intravascular volume therapies on platelet function in patients undergoing cardiopulmonary bypass,10.1213/00000539-199376060-00002.,173,Boldt J,Anesth Analg,No,"The articles, ※Influence of Five Different Priming Solutions on Platelet Function in Patients Undergoing Cardiac Surgery,§1 ※Influence of Different Glucose-Insulin-Potassium Regimes on Glucose Homeostasis and Hormonal Response in Cardiac Surgery Patients,§2 ※Influence of Different Intravascular Volume Therapies on Platelet Function in Patients Undergoing Cardiopulmonary Bypass,§3 ※Influence of Intravenous Administration of Angiotensin-Converting Enzyme Inhibitor Enalaprilat on Cardiovascular Mediators in Cardiac Surgery Patients,§4 ※Circulating Adhesion Molecules in Pediatric Cardiac Surgery,§5 and ※汕2-adrenoceptor Density of Human Lymphocytes After Nitroprusside-Induced Hypotension,§6 that appeared in various issues of Anesthesia & Analgesia, were written by Joachim Boldt during his time at the University of Giessen. These articles are hereby retracted based on the recommendation of the University of Giessen.",Editor,2020-11-01 00:00:00,1993-06-01 00:00:00,333.8333333,Investigation by Company/Institution; Misconduct - Official Investigation/Finding; Misconduct by Author;,N,N,Not reported,Not reported,N,,,,Platelet function in patients undergoing cardiopulmonary bypass,Not reported
136,"Kumle B, Boldt J, Piper S, et al. The influence of different intravascular volume replacement regimens on renal function in the elderly. Anesth Analg. 1999;89:1124每30.",Yes,No,,The influence of different intravascular volume replacement regimens on renal function in the elderly,10.1213/00000539-199911000-00009.,119,Kumle B,Anesth Analg,No,"The articles, ※Economic Considerations of the Use of New Anesthetics: A Comparison of Propofol, Sevoflurane, Desflurane, and Isoflurane,§1 ※Which Countries Publish in Important Anesthesia and Critical Care Journals?,§2 ※The Influence of Different Intravascular Volume Replacement Regimens on Renal Function in the Elderly,§3 and ※The Good, the Bad, and the Ugly: Should We Completely Banish Human Albumin from Our Intensive Care Units?,§4 that appeared in various issues of Anesthesia & Analgesia, were written by Joachim Boldt during his time at the Klinikum Ludwigshafen. These articles are hereby retracted on the recommendation of Landes?rztekammer Rheinland-Pfalz (※L?K-RLP§), the State Medical Association of Rheinland-Pfalz, Germany, which serves as the Institutional Review Board (IRB) for clinical research at Klinikum Ludwigshafen.",Editor,2020-11-01 00:00:00,1999-11-01 00:00:00,255.7,Investigation by Company/Institution; Misconduct - Official Investigation/Finding; Misconduct by Author;,N,N,Not reported,Not reported,N,,,,Renal function,Not reported
145,"Badawy A, Abdel Aal I, Abulatta M. Clomiphene citrate or letrozole for ovulation induction in women with polycystic ovarian syndrome: a prospective randomized trial. Fertil Steril. 2009;92:849每52.",Yes,No,,Clomiphene citrate or letrozole for ovulation induction in women with polycystic ovarian syndrome: a prospective randomized trial,10.1016/j.fertnstert.2007.02.062.,265,Badawy A,Fertil Steril,No,"Retraction notice to ※Clomiphene citrate or anastrozole for ovulation induction in women with polycystic ovary syndrome? A prospective controlled trial§ [FNS 92 (2009) 860 每 863 / 22745] Ahmed Badawy, M.D., M.R.C.O.G., Ibrahim Abdel Aal, M.D., and Mohamed Abulatta, M.D. Department of Obstetrics and Gynecology, Department of Clinical Pathology, and Department of Radiology, Mansoura University, Mansoura, Egypt This article has been retracted: please see Elsevier Policy on Article Withdrawal (https://www.elsevier.com/about/policies/article-withdrawal). This article has been retracted at the request of the ASRM Publications Committee and the Editor in Chief of Fertility & Sterility and this notice replaces the prior published Expression of Concern. The Committee reviewed concerns related to the validity of data reported in this article. Based on findings from a prior institutional investigation and on significant errors in the reported data, the Committee asked the author for original data and other evidence pertaining to the underlying study, but satisfactory evidence was not provided. The Committee and the Editor in Chief concluded that they could not vouch for the validity of the data and have recommended retraction of the article.",Editor,2020-09-08 00:00:00,2007-06-19 00:00:00,161,Concerns/Issues About Data; Duplication of Data; Investigation by Third Party;,Data,N,Not reported,Not reported,N,,,,Polycystic ovary syndrome,Multiple
146,"Abu Hashim H, Shokeir T, Badawy A. Letrozole versus combined metformin and clomiphene citrate for ovulation induction in clomiphene-resistant women with polycystic ovary syndrome: a randomized controlled trial. Fertil Steril. 2010;94:1405每9.",Yes,No,,Letrozole versus combined metformin and clomiphene citrate for ovulation induction in clomiphene-resistant women with polycystic ovary syndrome: a randomized controlled trial,10.1016/j.fertnstert.2009.07.985.,105,Abu Hashim H,Fertil Steril,No,"This article has been retracted: please see Elsevier Policy on Article Withdrawal (https://www.elsevier.com/about/our-business/policies/article-withdrawal). This article has been retracted at the request of the ASRM Publications Committee. Several reports of randomized clinical trials were recently the subject of an investigation conducted by the publications committee of the ASRM. The committee reviewed concerns related to the validity of data reported in those reports. The committee noted significant duplication of data reported in this manuscript with data reported in another report (PMID 17686479; https://doi.org/10.1016/j.fertnstert.2007.05.010) pertaining to a different study group that could not be explained. As we cannot vouch for the validity of the data, we have issued a retraction of this paper.",Editor,2020-09-08 00:00:00,2009-09-03 00:00:00,134.1,Concerns/Issues About Data; Duplication of Data; Investigation by Third Party;,Data,N,Not reported,Not reported,N,,,,Clomiphene-resistant women with polycystic ovary syndrome,Multiple
148,"Boldt J, Heesen M, Welters I, et al. Does the type of volume therapy influence endothelial-related coagulation in the critically ill? Br J Anaesth. 1995;75:740每6.",Yes,No,,Does the type of volume therapy influence endothelial-related coagulation in the critically ill?,10.1093/bja/75.6.740.,71,Boldt J,Br J Anaesth,No,"This article has been retracted: please see Elsevier Policy on Article Withdrawal (https://www.elsevier.com/about/our business/policies/article-withdrawal). This article has been retracted at the request of the Editor-in-Chief, Professor Hugh Hemmings, based on the recommen dations of Justus-Liebig-University Giessen following an internal review of research conducted by Joachim Boldt at the Uni versity. This is further described in＆Further Retractions ofArticlesby Joachim Boldt＊, https://doi.org/10.1016/j.bja.2020.02.024",Editor,2020-09-01 00:00:00,1995-12-01 00:00:00,301.3666667,Concerns/Issues About Data; Investigation by Company/Institution; Investigation by Third Party; Misconduct - Official Investigation/Finding; Misconduct by Author;,Data,N,Not reported,Not reported,N,,,,Critically ill,Not reported
153,"Boldt J, Knothe C, Schindler E, et al. Volume replacement with hydroxyethyl starch solution in children. Br J Anaesth. 1993;70:661每5.",Yes,No,,Volume replacement with hydroxyethyl starch solution in children,10.1093/bja/70.6.661.,88,Boldt J,Br J Anaesth,No,"This article has been retracted: please see Elsevier Policy on Article Withdrawal (https://www.elsevier.com/about/our business/policies/article-withdrawal). This article has been retracted at the request of the Editor-in-Chief, Professor Hugh Hemmings, based on the recommen dations of Justus-Liebig-University Giessen following an internal review of research conducted by Joachim Boldt at the University. This is further described in＆Further Retractions ofArticlesby Joachim Boldt＊, https://doi.org/10.1016/j.bja.2020.02.024.",Editor,2020-09-01 00:00:00,1993-06-01 00:00:00,331.8,Concerns/Issues About Data; Investigation by Company/Institution; Investigation by Third Party; Misconduct - Official Investigation/Finding; Misconduct by Author;,Data,N,Not reported,Not reported,N,,,,Cardiac surgery,Not reported
170,"Das A, Majumdar S, Halder S, et al. Effect of dexmedetomidine as adjuvant in ropivacaine-induced supraclavicular brachial plexus block: a prospective, double-blinded and randomized controlled study. Saudi J Anaesth. 2014;8:S72每7.",Yes,No,,"Effect of dexmedetomidine as adjuvant in ropivacaine-induced supraclavicular brachial plexus block: a prospective, double-blinded and randomized controlled study",10.4103/1658-354X.144082.,97,Das A,Saudi J Anaesth,No,"The ten articles listed below,[12345678910] all with the same corresponding author and published in the Saudi Journal of Anaesthesia from 2014-2018, are being retracted because they have been found to have a number of unattributed sections of content with high rate of similarity from various other articles along with overwhelming evidence of data fabrication. The corresponding author and his institution were contacted and asked to provide the journal with the raw data for these studies but there has been no adequate response within a reasonable timeframe. Plagiarism, fabrication, unethical or redundant publication violates the editorial policy of the Saudi Journal of Anaesthesia, which follows best practice guidelines given by the International Committee of Medical Journal Editors (ICMJE) and Committee on Publication Ethics (COPE), as mentioned in the Information for Authors and codified in the signed statements made by the authors regarding the copyright of their work. These articles have been retracted at the request of the Editor-in-Chief and Editorial board of the journal.",Editor,2020-05-30 00:00:00,2014-11-06 00:00:00,67.73333333,Falsification/Fabrication of Data; Investigation by Journal/Publisher; Objections by Third Party; Plagiarism of Article;,Data,N,Not reported,Not reported,N,,,,Supraclavicular brachial plexus block,Not reported
178,"Mac赤as-Cort谷s E del C, Llanes-Gonz芍lez L, Aguilar-Faisal L, et al. Individualized homeopathic treatment and fluoxetine for moderate to severe depression in peri- and postmenopausal women (HOMDEP-MENOP Study): a randomized, double-dummy, double-blind, placebo-controlled trial. PLoS One. 2015;10:e0118440.",Yes,No,,"Individualized homeopathic treatment and fluoxetine for moderate to severe depression in peri- and postmenopausal women (HOMDEP-MENOP Study): a randomized, double-dummy, double-blind, placebo-controlled trial",10.1371/journal.pone.0118440.,108,Mac赤as-Cort谷s E del C,PLoS One,No,"Following the publication and correction of this article [1, 2], questions were raised about the study design and reporting that prompted a full reassessment of the article. This post-publication evaluation involved three senior staff editors, a statistical reviewer, and a member of PLOS ONE＊s Editorial Board, and identified the following concerns: The individualized homeopathic treatment (IHT) and the decision-making framework for treatment adjustments were not reported in sufficient detail to enable reproducibility of the study or an assessment as to the clinical validity of treatment choices. In response to this issue, the authors provided information in post-publication discussions about the individualized homeopathic consultations and guidance used for homeopathic prescription, and commented that potencies of homeopathic remedies were selected on the basis of homeopathic principles. Citing a 2014 systematic review of clinical trials involving IHT [3], the authors commented that the replicability of IHT has been demonstrated by previous studies that applied the same treatment approach to other medical conditions. They also asserted that the information reported in [1] was sufficient to enable replication by trained IHT practitioners, and that the study was reported per CONSORT criteria and the RedHot supplement to CONSORT for homeopathy clinical trials. The study design did not include sufficient controls to rule out the possibility that observed effects in the IHT group〞which received homeopathic remedies at 30C (10?60) and 200C (10?400) dilutions〞represent placebo effects rather than responses to the homeopathic treatments. The authors disagreed with this point, provided additional information about the methodology, and asserted that elements of the study design accounted for placebo effects. Insufficient information was provided in the article about the methodology by which diagnoses were made in the study, the reliability of that methodology, and how blinding was achieved during the diagnostic assessments. The article reported that participants were diagnosed according to DSM-IV but did not include details as to how the criteria were applied in practice during the trial. The authors provided additional methodological information in post-publication discussions. The PLOS ONE Editors and the consulted Academic Editor reviewed the information and additional methodological details provided by authors in response to each of these issues. The Editors determined that the additional information provided did not fully address the above concerns, which call into question the reproducibility of the study, the scientific validity and rigor of the study design, and whether conclusions are adequately supported by the results. For these reasons, the PLOS ONE Editors retract this article. We regret that these issues were not identified and addressed prior to the article＊s publication. During the post-publication assessment, questions were also raised about whether the 6-week duration of the study and fixed dosing regimen for fluoxetine treatment were sufficient to allow an assessment as to the efficacy of fluoxetine where it was prescribed. The consulted Academic Editor noted that other randomized clinical trials using fluoxetine allow for increasing dosage in case of nonresponse. The Academic Editor also noted that per clinical practice guidelines, trials of antidepressants should generally last 8每12 weeks [4] and it generally requires 4每8 weeks of treatment to determine whether a patient is responsive to a particular intervention [5]. The authors noted that trials identified in published systematic reviews [6, 7, 8] used the same duration of fluoxetine treatment as was applied in [1]. The authors further commented that the fluoxetine dose used aligns with starting doses applied in clinical practice [4]. EdCM-C, LL-G, LA-F, and JA-B did not agree with retraction.",Editor,2020-04-23 00:00:00,2015-03-13 00:00:00,62.26666667,Concerns/Issues About Data; Concerns/Issues About Results; Investigation by Journal/Publisher;,Data,Y,Y,No,Y,NCT01635218,2012-06-30 00:00:00,2012-03-01 00:00:00,Moderate to severe depression in peri- and postmenopausal women,Single
207,"Bolli R, Chugh AR, D＊Amario D, et al. Cardiac stem cells in patients with ischaemic cardiomyopathy (SCIPIO): initial results of a randomised phase 1 trial. Lancet. 2011;378:1847每57.",Yes,No,,Cardiac stem cells in patients with ischaemic cardiomyopathy (SCIPIO): initial results of a randomised phase 1 trial,10.1016/S0140-6736(11)61590-0.,1690,Bolli R,Lancet,No,"Following a communication from Harvard Medical School in 2014, we published an Expression of Concern1 about the above-referenced SCIPIO trial.2 We promised to inform readers when further investigations were complete.1 The results of these investigations persuade us that the laboratory work undertaken by Piero Anversa and colleagues at Harvard cannot be held to be reliable. Specifically, there are issues with the data presented in figures 2 and 3 and in supplemental figures 2 and 3. SCIPIO was a collaboration between Anversa's laboratory in Boston, MA, USA, and Roberto Bolli's team in Louisville, KY, USA. Anversa's laboratory isolated, expanded, and characterised the c-kit positive cells, which were then shipped to Louisville, where they were administered to patients and all the clinical work was done. The Louisville team was not involved with the manufacturing and characterisation of c-kit positive cells. Although we do not have any reservations about the clinical work in Louisville that used the preparations from Anversa's laboratory in good faith, the lack of reliability regarding the laboratory work at Harvard means that we are now retracting this paper.",Editor,2019-03-14 00:00:00,2011-11-14 00:00:00,89.23333333,Investigation by Company/Institution; Unreliable Data; Unreliable Results; Upgrade/Update of Prior Notice;,Data,N,Not reported,Institution,Y,NCT00474461,2007-05-15 00:00:00,2009-02-01 00:00:00,Ischaemic cardiomyopathy,Single
216,"Abou-Raya A, Abou-Raya S, HELMII M. The Effect of vitamin D supplementation on inflammatory and hemostatic markers and disease activity in patients with systemic lupus erythematosus: a randomized placebo-controlled trial. J Rheumatol. 2013;40:265每72.",Yes,No,,The Effect of vitamin D supplementation on inflammatory and hemostatic markers and disease activity in patients with systemic lupus erythematosus: a randomized placebo-controlled trial,10.3899/jrheum.111594.,265,Abou-Raya A,J Rheumatol,No,"The Effect of Vitamin D Supplementation on Inflammatory and Hemostatic Markers and Disease Activity in Patients with Systemic Lupus Erythematosus: A Randomized Placebo-controlled Trial. The Journal of Rheumatology, 2013;40:265每72; doi:10.3899/jrheum.111549. Anna Abou-Raya, Suzan Abou-Raya, and Madihah Helmii. The Journal hereby retracts this article. It was brought to the attention of The Journal that there were some significant problems with the above-named paper. This resulted in an internal investigation and then subsequent submission of our concerns to the authors and the authors＊ university. The Faculty of Medicine of the University of Alexandria struck an Investigation Committee and submitted a copy of its report to The Journal. The conclusions of the committee were that there were errors in the article but that they were all unintentional and based on the evidence. The committee concluded and confirmed that all authors exercised appropriate responsibility and integrity in ensuring the validity of the data. Following that assessment, The Journal reinvestigated issues raised and concluded that some of the issues initially raised remain major concerns and that the above-named paper should be retracted. A summary of the concerns: The baseline characteristics were almost identical between the treatment and the placebo groups despite the statement that the patients were randomized. Our re-assessment following the response of the authors and the Investigation Committee is that the probability of all these values being identical at baseline is too low to be by chance alone. The number of patients enrolled in the study was 267 according to the paper, but differed from the number in ClinicalTrials.gov, which was 248. The explanation was that the original plan was to enroll 248 but that 267 were enrolled. It is not clear how many patients were actually in the trial. The registration of the trial with ClinicalTrials.gov took place after the study was completed. Multiple statistical errors were noted throughout the paper. The Investigation Committee concluded that they were inadvertent. Our re-review finds that the number of errors must lead to a question of the veracity of the data.",Editor,2018-12-01 00:00:00,2013-03-01 00:00:00,70.03333333,Error in Analyses; Error in Data; Error in Methods; Investigation by Company/Institution; Investigation by Journal/Publisher; Unreliable Results;,Data,N,Not reported,Not reported,Y,NCT01425775,2011-08-18 00:00:00,2010-04-01 00:00:00,Systemic lupus erythematosus,Single
222,"Mira TAA, Giraldo PC, Yela DA, et al. Effectiveness of complementary pain treatment for women with deep endometriosis through transcutaneous electrical nerve stimulation (TENS): randomized controlled trial. Eur J Obstet Gynecol Reprod Biol. 2015;194:1每6.",Yes,No,,Effectiveness of complementary pain treatment for women with deep endometriosis through transcutaneous electrical nerve stimulation (TENS): randomized controlled trial,10.1016/j.ejogrb.2015.07.009.,72,Mira TAA,Eur J Obstet Gynecol Reprod Biol,No,"Refers to Effectiveness of complementary pain treatment for women with deep endometriosis through Transcutaneous Electrical Nerve Stimulation (TENS): randomized controlled trial European Journal of Obstetrics & Gynecology and Reproductive Biology, Volume 194, November 2015, Pages 1-6 Ticiana A.A. Mira, Paulo C. Giraldo, Daniela A. Yela, Cristina L. Benetti-Pinto This article has been withdrawn at the request of the author(s) and/or editor. The Publisher apologizes for any inconvenience this may cause.",Co-request,2018-11-16 00:00:00,2015-11-01 00:00:00,37.03333333,Notice - Limited or No Information;,N,N,Not reported,Government,Y,,,,Deep endometriosis,Single
230,"Muramatsu T, Matsushita K, Yamashita K, et al. Comparison between valsartan and amlodipine regarding cardiovascular morbidity and mortality in hypertensive patients with glucose intolerance: NAGOYA HEART study. Hypertension. 2012;59:580每6.",Yes,No,,Comparison between valsartan and amlodipine regarding cardiovascular morbidity and mortality in hypertensive patients with glucose intolerance: NAGOYA HEART study,10.1161/HYPERTENSIONAHA.111.184226.,72,Muramatsu T,Hypertension,No,"The article by Muramatsu et al ※Comparison Between Valsartan and Amlodipine Regarding Cardiovascular Morbidity and Mortality in Hypertensive Patients With Glucose Intolerance: NAGOYA HEART Study,§ which published online on January 9, 2012, and appeared in the March 2012 issue of the journal (Hypertension. 2012;59:580每586. DOI: 10.1161/HYPERTENSIONAHA.111.184226), has been retracted. The Nagoya University Research Integrity Committee (RIC) scrutinized the research processes of the Nagoya Heart Study (NHS) papers, with the investigation by the subcommittee of experts in medical research. Conclusion of the case was achieved in November 2017. RIC could not find any evidence of illegal actions defined by the rules (2.2 of the regulations to avoid illegal actions in the research of Nagoya University). In addition, RIC listed 5 problematic issues. However, the authors submitted an appeal in December 2017. The appeal was investigated by an independent committee of the University. The committee pointed out that 1 of the 5 problematic issues was not needed but 4 other points were valid. RIC points out the following problematic issues based on rules 3.1.3 of the regulations to avoid illegal actions in the research of Nagoya University and 3.3 of the provisions of RIC: (1) Event definition of heart failure registered to the Ethics Review Committee (ERC) of Nagoya University in 2004 was ※admission and/or additional treatment because of heart failure.§ However, authors stated that they have changed the event definition to only ※admission because of heart failure§ without correction of the definition registered to the ERC. Since the event definition of the End Point Committee (EPC) was also the same as that registered to the ERC, the RIC concluded that authors have to write the event definition correctly including ※additional treatment because of heart failure§ in the section for methods of the journal papers and have to show the analysis results with this definition. Results with narrower definition of ※admission because of heart failure§ may remain in the later part of current papers or should be reported in another paper separately. (2) Preliminary filtration of some events was suspected before the events were subjected to EPC. Though the event definition of EPC included ※additional treatment because of heart failure,§ no such event was reported to EPC except for some denial cases of admission. It means that events with ※additional treatment because of heart failure§ were excluded, which should be reported to EPC to be evaluated for its seriousness. In this process, there is possibility that serious cases of ※additional treatment because of heart failure§ equivalent to hospitalization could be also excluded. (3) In the correction published in 2015, authors reported that 4 events among 18 events of the heart failure correspond to the cases who rejected hospitalization. Rejection was confirmed in 3 of the cases by medical records and/or case report forms (CRF). However, 1 of 4 lacked proof of rejection in any documents. In addition to these 4 cases, another case among 14 cases that EPC approved as the admitted case was hospitalized to scrutinize dilated cardiomyopathy by biopsy, and admission after the examination was not necessary for heart failure. Thus, 3 cases rejected admission; rejection of admission was not confirmed in 1 case; and 1 case was inappropriately assigned to an admitted case by EPC. (4) It was inappropriate to allow non-EPC members (researchers of NHS and a member from the medical firm) to take the lead of EPC. The paper of NHS was produced based on the data set obtained by the processes with the preceding problems. RIC determined the authors must go back to the original data set and the original event definition. However, it is impossible to trace back all cases to the original data because links to some patients＊ records were lost,* according to the preapproved research protocols. Therefore, RIC determined that retraction of the paper is appropriate. Based on the outcome of Nagoya University Research Integrity Committee＊s investigation the editors hereby retract the article. * The first RIC asked the TRI (Translational Research Information Center: an independent and government-supported academic institution to promote translational researches and clinical trials in Japan) to examine the research process of NHS. TRI pointed out in the report that some cases could not be traced back to original data, because some link tables were missing already in 2014. eLetters eLetters should relate to an article recently published in the journal and are not a forum for providing unpublished data. Comments are reviewed for appropriate use of tone and language. Comments are not peer-reviewed. Acceptable comments are posted to the journal website only. Comments are not published in an issue and are not indexed in PubMed. Comments should be no longer than 500 words and will only be posted online. References are limited to 10. Authors of the article cited in the comment will be invited to reply, as appropriate. Comments and feedback on AHA/ASA Scientific Statements and Guidelines should be directed to the AHA/ASA Manuscript Oversight Committee via its Correspondence page.",Editor,2018-08-08 00:00:00,2012-01-09 00:00:00,80.1,Concerns/Issues About Authorship; Error in Methods; Investigation by Company/Institution; Investigation by Journal/Publisher; Investigation by Third Party; Original Data not Provided; Unreliable Data;,Data,N,Not reported,Institution,Y,NCT00129233,2005-08-10 00:00:00,2004-10-01 00:00:00,Hypertensive patients with glucose intolerance,Multiple
262,"Sato Y, Kanoko T, Satoh K, et al. Menatetrenone and vitamin D2 with calcium supplements prevent nonvertebral fracture in elderly women with Alzheimer＊s disease. Bone. 2005;36:61每8.",Yes,No,,Menatetrenone and vitamin D2 with calcium supplements prevent nonvertebral fracture in elderly women with Alzheimer＊s disease,10.1016/j.bone.2004.09.018.,84,Sato Y,Bone,No,"This article has been retracted: please see Elsevier Policy on Article Withdrawal (https://www.elsevier.com/about/our-business/policies/article-withdrawal). This article has been retracted at the request of the Corresponding Author, Yoshihiro Sato, and the co-authors have been informed. Dr. Sato wishes to retract this article on the grounds that it contains fabricated clinical trial data, which he was responsible for producing. In addition, Dr. Sato claims he listed all of the named co-authors without their consent. The co-authors were therefore unaware of the presence of fabricated data in this publication and their participation in the publication. This retraction was initiated by Dr. Sato, and the Editor-in-Chief of Bone was informed by the author directly.",Author,2017-11-14 00:00:00,2004-11-24 00:00:00,157.9333333,Falsification/Fabrication of Data; False/Forged Authorship; Investigation by Company/Institution; Investigation by Journal/Publisher; Misconduct - Official Investigation/Finding; Misconduct by Author;,Data,N,Not reported,Not reported,N,,,,Alzheimer＊s disease,Single
266,"Sato Y, Iwamoto J, Kanoko T, et al. Low-dose vitamin D prevents muscular atrophy and reduces falls and hip fractures in women after stroke: a randomized controlled trial. Cerebrovasc Dis. 2005;20:187每92.",Yes,No,,Low-dose vitamin D prevents muscular atrophy and reduces falls and hip fractures in women after stroke: a randomized controlled trial,10.1159/000087203.,597,Sato Y,Cerebrovasc Dis,No,"We wish to retract the paper entitled 'Low-Dose Vitamin D Prevents Muscular Atrophy and Reduces Falls and Hip Fractures in Women after Stroke: A Randomized Controlled Trial' [Cerebrovasc Dis 2005;20:187-192] by Y. Sato, J. Iwamoto, T. Kanoko and K. Satoh as a result of concerns about data integrity and scientific misconduct which have been brought to our attention. For further information see also http://retractionwatch.com/2016/11/09/analy-sis-casts-doubt-on-bone-researchers-body-of-work/. M.G. Hennerici, Editor-in-Chief M. Fatar, Managing Editor",Author,2017-09-23 00:00:00,2005-07-27 00:00:00,148.0333333,Complaints about Author; Concerns/Issues About Data;,Data,N,Not reported,Not reported,N,,,,Hip fractures in women after stroke,Single
268,"Sato Y, Manabe S, Kuno H, et al. Amelioration of osteopenia and hypovitaminosis D by 1汐-hydroxyvitamin D3 in elderly patients with Parkinson＊s disease. J Neurol Neurosurg Psychiatry. 1999;66:64每8.",Yes,No,,Amelioration of osteopenia and hypovitaminosis D by 1汐-hydroxyvitamin D3 in elderly patients with Parkinson＊s disease,10.1136/jnnp.66.1.64.,161,Sato Y,J Neurol Neurosurg Psychiatry,No,"Sato Y, Manabe S, Kuno H, et al. Amelioration of osteopenia and hypovitaminosis D by 1汐-hydroxyvitamin D3 in elderly patients with Parkinson＊s disease. J Neurol Neurosurg Psychiatry 1999;66:64每68. This article has been retracted. The editor received a letter from Dr Yoshihiro Sato retracting this article and two others also published in Journal of Neurology Neurosurgery and Psychiatry. Dr Sato states the reason for retraction as ＆due to scientific misconduct. All co-authors did not participate study design, data collection, data analysis, interpretation of data and drafting manuscripts in these 3 articles. Thus, all co-authors are honorary.＊ Despite repeated requests for further explanation, we have not received any response from Dr Sato＊s institution. It was brought to our attention that several other journals have retracted articles by Dr Sato. Neurology published an article ＆Systematic review and statistical analysis of the integrity of 33 randomized controlled trials＊ by Boland et al1 indicating that the data in those trials were not reliable. The data supplement for the article in Neurology lists the three papers published in Journal of Neurology Neurosurgery and Psychiatry providing evidence that the reported findings in those articles are unreliable.",Author,2017-08-28 00:00:00,1999-01-01 00:00:00,227.1333333,False/Forged Authorship; Investigation by Journal/Publisher; Investigation by Third Party; Misconduct by Author; Unreliable Data; Unreliable Results;,Data,N,Not reported,Not reported,N,,,,Parkinson＊s disease,Single
281,"Oostdijk EAN, Kesecioglu J, Schultz MJ, et al. Effects of decontamination of the oropharynx and intestinal tract on antibiotic resistance in ICUs: a randomized clinical trial. JAMA. 2014;312:1429每37.",Yes,No,,Effects of decontamination of the oropharynx and intestinal tract on antibiotic resistance in ICUs: a randomized clinical trial,10.1001/jama.2014.7247.,199,Oostdijk EAN,JAMA,Yes,"To the Editor In the Original Investigation entitled ※Effects of Decontamination of the Oropharynx and Intestinal Tract on Antibiotic Resistance in ICUs: A Randomized Clinical Trial§ published in the October 8, 2014, issue of JAMA,1 we inadvertently reported incorrect secondary outcomes. This was a cluster randomized crossover study comparing the ecological effects of selective digestive decontamination (SDD) vs selective oropharyngeal decontamination (SOD) in 16 intensive care units (ICUs) in the Netherlands. The errors were due to misclassification of the 2 intervention periods of 1 of the 16 ICUs, discovered in the course of rechecking the code in conjunction with an individual patient data meta-analysis. We have corrected the errors and confirmed that there are no other errors after reviewing our original analysis and findings. The correction, though, has changed some of the secondary end points of the study: the previously reported absence of statistically significant differences in day 28 mortality, ICU mortality, hospital mortality, length of stay, and rate of candidemia are now statistically significant, favoring SDD over SOD. Thus, we have requested that the original article be retracted and replaced. As a result of the mislabeling of interventions in 1 ICU, the flow diagram and Tables 1, 3, 4, and 5 have changed. For day 28 mortality the correct data are 25.7% during SOD and 23.8% during SDD with a corresponding adjusted odds ratio (OR) of 0.850 (95% CI, 0.774-0.933). For ICU mortality the correct data are 20.0% during SOD and 18.4% during SDD with a corresponding adjusted OR of 0.842 (95% CI, 0.759-0.933). For hospital mortality the correct data are 28.2% during SOD and 26.3% during SDD with a corresponding adjusted OR of 0.857 (95% CI, 0.783-0.938). For length of ICU stay the correct data are median of 6 days (IQR, 4-10 days) during SOD and 6 days (IQR, 4-11 days) during SDD (OR, 1.056 [95% CI, 1.014-1.100]). For candidemia the correct data are 1.0% during SOD and 0.5% during SDD with a corresponding OR of 0.47 (95% CI, 0.30-0.75). The corrections for these errors indicate that the previously reported absence of statistically significant differences in secondary outcomes has been changed and the article now concludes: ※Unit-wide application of SDD and SOD was associated with low levels of antibiotic resistance. Compared with SOD, SDD was associated with lower mortality, reduced length of stay, lower rates of ICU-acquired bacteremia and candidemia, and lower prevalence of rectal carriage of antibiotic-resistant gram-negative bacteria, but a more pronounced gradual increase in aminoglycoside-resistant gram-negative bacteria.§ We deeply regret this error as well as the confusion caused to JAMA, readers, and potentially to physicians. The original article has been corrected. An additional online supplement has been added that includes a version of the original article with the errors highlighted and a version of the replacement article with the corrections highlighted.",Author,2017-04-18 00:00:00,2014-10-08 00:00:00,30.76666667,Concerns/Issues About Data; Concerns/Issues About Results; Error in Data; Error in Results and/or Conclusions; Retract and Replace;,Data,N,Not reported,Institution,Y,NTR1780,,,Antibiotic resistance,Multiple
305,"Sato Y, Iwamoto J, Kanoko T, Satoh K. Risedronate therapy for prevention of hip fracture after stroke in elderly women. Neurology. 2005 Mar 8;64(5):811-6.",Yes,No,,Risedronate therapy for prevention of hip fracture after stroke in elderly women,10.1212/01.WNL.0000152871.65027.76.,109,Sato Y,Neurology,No,"Dr. Kappos raises an important point in his comment on the retraction of 3 publications by Sato et al.1每3 Current Neurology? authorship criteria are outlined in our Information for Authors and were discussed in part in an editorial for BMJ.4 They are designed to prevent guest or ghost authorship and require each author to sign forms describing his or her contributions to the study or the manuscript. At the time the articles by Sato et al. were published, the corresponding author was trusted to provide the author list according to the International Committee of Medical Journal Editors criteria, but coauthor forms were obtained and retained by the corresponding author. Thus, it was difficult for journal staff to identify honorary authors.",Editor,2016-07-12 00:00:00,2005-11-08 00:00:00,129.9666667,False/Forged Authorship; Misconduct by Author; Unreliable Results;,N,N,Not reported,Not reported,N,,,,Hip fracture after stroke,Single
307,"Meftah M, Wong AC, Nawabi DH, et al. Pain management after total knee arthroplasty using a multimodal approach. Orthopedics. 2012;35: e660-4.",Yes,No,,Pain management after total knee arthroplasty using a multimodal approach,10.3928/01477447-20120426-19.,86,Meftah M,Orthopedics,No,"This article has been retracted at the request of the authors. We would like to formally request that the article entitled, ※Pain Management After Total Knee Arthroplasty Using a Multimodal Approach,§ by Morteza Meftah, MD, Anthony C. Wong, BSc, Danyal H. Nawabi, MD, FRCS(Orth), Richard J. Yun, MA, Amar S. Ranawat, MD, and Chitranjan S. Ranawat, MD (volume 35, number 5, pp. e660每e664; doi: 10.3928/01477447-20120426-19), be retracted. This is because the data were published prematurely and the authors did not have the proper permission from the combined Hospital for Special Surgery work study group. The data have been fully reported in the following publication: ※Analgesia After Total Knee Replacement: Local Infiltration Versus Epidural Combined With a Femoral Nerve Blockade. A Prospective, Randomized Pragmatic Trial,§ by J. T. YaDeau, E. A. Goytizolo, D. E. Padgett, S. S. Liu, D. J. Mayman, A. S. Ranawat, M. C. Rade, and G. H. Westrich, The Bone & Joint Journal (volume 95-B, number 5, pp. 629每635; doi:10.1302/0301-620X.95B5.30406). Morteza Meftah, MD, and Chitranjan S. Ranawat, MD",Author,2016-07-01 00:00:00,2012-05-01 00:00:00,50.73333333,Concerns/Issues About Data; Lack of Approval from Company/Institution;,Data,N,Not reported,Not reported,N,,,,Total knee arthroplasty,Not reported
308,"Sato Y, Honda Y, Iwamoto J, et al. Effect of folate and mecobalamin on hip fractures in patients with stroke: a randomized controlled trial. Jama. 2005;293:1082每8.",Yes,No,,Effect of folate and mecobalamin on hip fractures in patients with stroke: a randomized controlled trial,10.1001/jama.293.9.1082.,428,Sato Y,Jama,No,"In reaffirming our previous Expression of Concern,1 the article ※Effect of Folate and Mecobalamin on Hip Fractures in Patients With Stroke: A Randomized Controlled Trial§ by Sato et al2 has been retracted due to acknowledgment of scientific misconduct resulting in concerns regarding data integrity and inappropriate assignment of authorship. Back to topArticle Information Corresponding Author: Howard Bauchner, MD (howard.bauchner@jamanetwork.org). Published Online: June 3, 2016. doi:10.1001/jama.2016.7190. References 1. Bauchner H, Fontanarosa PB. Expression of concern: Sato et al. Effect of folate and mecobalamin on hip fractures in patients with stroke: a randomized controlled trial. JAMA. 2005;293(9):1082-1088. JAMA. 2015;313(19):1914. ArticlePubMedGoogle ScholarCrossref 2. Sato Y, Honda Y, Iwamoto J, Kanoko T, Satoh K. Effect of folate and mecobalamin on hip fractures in patients with stroke: a randomized controlled trial. JAMA. 2005;293(9):1082-1088. ArticlePubMedGoogle ScholarCrossref",Editor,2016-06-14 00:00:00,2005-03-02 00:00:00,137.4,Falsification/Fabrication of Data; False/Forged Authorship; Investigation by Company/Institution; Investigation by Journal/Publisher; Misconduct - Official Investigation/Finding; Misconduct by Author;,Data,N,Not reported,No,N,,,,Hip fractures in patients with stroke,single
318,"Jenkins DJA, Kendall CWC, Banach MS, et al. Nuts as a replacement for carbohydrates in the diabetic diet. Diabetes Care. 2011;34:1706每11.",Yes,No,,Nuts as a replacement for carbohydrates in the diabetic diet,10.2337/dc11-0338.,166,Jenkins DJA,Diabetes Care,No,"The authors wish to retract this article because of an unintended error in statistical applications. A subsequent reanalysis of the data has shown that a number of the findings of the study described in this publication are no longer definitively different. The corresponding author voluntarily reported these discrepancies to the editors of Diabetes Care. The decision to retract the article is supported by all the authors based on their reevaluation of the data. The decision to retract the article is also supported by the editors of the journal and the American Diabetes Association, the publisher of Diabetes Care. At a later date, the authors intend to submit a revised article to Diabetes Care for full peer review with the appropriate statistical analysis applied.",Author,2016-02-01 00:00:00,2011-08-01 00:00:00,54.83333333,Error in Data; Error in Methods; Error in Results and/or Conclusions; Unreliable Data; Unreliable Results;,Data,N,Not reported,Government,Y,NCT00410722,2006-12-12 00:00:00,2006-12-01 00:00:00,Diabetic diet,Not reported
321,Chandra RK. Effect of vitamin and trace-element supplementation on immune responses and infection in elderly subjects. Lancet. 1992;340:1124每7.,Yes,No,,Effect of vitamin and trace-element supplementation on immune responses and infection in elderly subjects,10.1016/0140-6736(92)93151-c.,841,Chandra RK,Lancet,No,"On Oct 6, 2015, we asked the Dean of Medicine of Memorial University, St John's, Newfoundland and Labrador, Canada, to conduct a formal investigation into the research by Dr Ranjit Kumar Chandra that culminated in his publication in The Lancet in 1992. 1 Chandra gives Memorial University as his address in the 1992 paper, and Memorial University is also acknowledged as supporting the research through a University Research Professorship Award. This article is available free of charge.",Editor,2016-01-20 00:00:00,1992-11-07 00:00:00,282.4666667,Concerns/Issues About Authorship; Concerns/Issues About Data; Ethical Violations by Author; Investigation by Company/Institution; Unreliable Data; Unreliable Results;,Data,N,Not reported,Not reported,N,,,,Immune responses and infection,Not reported
325,"Ahimastos AA, Aggarwal A, D＊Orsa KM, et al. Effect of perindopril on large artery stiffness and aortic root diameter in patients with Marfan syndrome: a randomized controlled trial. Jama. 2007;298:1539每47.",Yes,No,,Effect of perindopril on large artery stiffness and aortic root diameter in patients with Marfan syndrome: a randomized controlled trial,10.1001/jama.298.13.1539.,239,Ahimastos AA,Jama,No,"To the Editor We wish to retract the article ※Effect of Perindopril on Large Artery Stiffness and Aortic Root Diameter in Patients With Marfan Syndrome: A Randomized Controlled Trial,§ published in the October 3, 2007, issue of JAMA,1 based on inadequate validation of primary data sources and data misrepresentation. An independent review was conducted by the Baker IDI Heart and Diabetes Institute following an admission of scientific misconduct by the first author (Anna A. Ahimastos, PhD) in relation to the data included in another study2 that has since been retracted.3 This review resulted in our decision to retract this additional article.1 We do not believe that management guidelines for Marfan syndrome have been changed as a result of this small clinical trial. While clinical governance procedures have been strengthened since publication of this study, the Institute has commenced a review with the purpose to further strengthen current audit practices and to minimize any possible risk of recurrence of such behavior. We were not found to be involved in any research misconduct, but we do acknowledge the responsibility for our authorship of this article and for supervising the overall study and sincerely apologize to the editors, reviewers, and readers of JAMA. We are committed to correcting the public record, notifying relevant stakeholders, and implementing practices to prevent recurrence. Section Editor: Jody W. Zylke, MD, Deputy Editor. Back to topArticle Information Corresponding Author: Bronwyn A. Kingwell, PhD, Baker IDI Heart and Diabetes Institute, 75 Commercial Rd, Melbourne VIC 3004, Australia (bronwyn.kingwell@bakeridi.edu.au). Published Online: November 23, 2015. doi:10.1001/jama.2015.16678. References 1. Ahimastos AA, Aggarwal A, D＊Orsa KM, et al. Effect of perindopril on large artery stiffness and aortic root diameter in patients with Marfan syndrome: a randomized controlled trial. JAMA. 2007;298(13):1539-1547. ArticlePubMedGoogle ScholarCrossref 2. Ahimastos AA, Walker PJ, Askew C, et al. Effect of ramipril on walking times and quality of life among patients with peripheral artery disease and intermittent claudication: a randomized controlled trial. JAMA. 2013;309(5):453-460. ArticlePubMedGoogle ScholarCrossref 3. Ahimastos AA, Askew C, Leicht A, et al. Notice of retraction: Ahimastos AA, et al. Effect of ramipril on walking times and quality of life among patients with peripheral artery disease and intermittent claudication: a randomized controlled trial. JAMA. 2013;309(5):453-460. JAMA. 2015;314(14):1520-1521. ArticlePubMedGoogle ScholarCrossref",Author,2015-12-22 00:00:00,2007-10-03 00:00:00,100.0666667,Falsification/Fabrication of Data; Investigation by Company/Institution; Misconduct - Official Investigation/Finding; Misconduct by Author;,Data,N,Not reported,Government,Y,NCT00485368,2007-06-11 00:00:00,2004-01-01 00:00:00,Marfan syndrome,single
365,"Boldt J, Heesen M, M邦ller M, et al. The effects of albumin versus hydroxyethyl starch solution on cardiorespiratory and circulatory variables in critically ill patients. Anesth Analg. 1996;83:254每61.",Yes,No,,The effects of albumin versus hydroxyethyl starch solution on cardiorespiratory and circulatory variables in critically ill patients,10.1097/00000539-199608000-00010.,193,Boldt J,Anesth Analg,No,"In 2009, Joachim Boldt published an article in Anesthesia & Analgesia comparing albumin and hydroxyethyl starch priming cardiopulmonary bypass. The study was retracted in December 2010 for lack of IRB approval. A subsequent investigation by Klinikum Ludwigshafen determined that the study was fabricated. Based on the finding by Landes?rztekammer Rheinland-Pfalz, the State Medical Association of Rheinland-Pfalz, that the studies were conducted without IRB approval, Anesthesia & Analgesia retracted 22 papers by Dr. Boldt in 2011 for unethical conduct of research. A subsequent investigation by Klinikum Ludwigshafen found that Boldt＊s studies ""failed to meet required standards,"" included ""false data"" in at least 10 studies, and found ""clear evidence of procedural irregularities and research misconduct on the part of Dr. Joachim Boldt."" In light of these concerns, Justus-Liebig Universit?t Giessen undertook an investigation of Dr. Boldt＊s work from that institution. This investigation cast doubt on the veracity of Boldt J, Heesen M, M邦ller M, Pabsdorf M, Hempelmann G. The effects of albumin versus hydroxyethyl starch solution on cardiorespiratory and circulatory variables in critically ill patient. Anesth Analg 1996;83: 254每61. Based on evidence of data manipulation reported by Justus-Liebig Universit?t Giessen to the journal, this paper is hereby retracted.",Editor,2014-11-01 00:00:00,1996-08-01 00:00:00,222.2,Falsification/Fabrication of Data; Investigation by Company/Institution; Investigation by Journal/Publisher; Investigation by Third Party; Misconduct - Official Investigation/Finding; Misconduct by Author;,Data,N,Not reported,Not reported,N,,,,Cardiorespiratory and circulatory variables,Not reported
367,"Bartoc C, Frumento RJ, Jalbout MI, et al. A randomized, double-blind, placebo-controlled study assessing the anti-inflammatory effects of ketamine in cardiac surgical patients. J Cardiothorac Vasc Anesth. 2006;20:217每22.",Yes,No,,"A randomized, double-blind, placebo-controlled study assessing the anti-inflammatory effects of ketamine in cardiac surgical patients",10.1053/j.jvca.2005.12.005.,104,Bartoc C,J Cardiothorac Vasc Anesth,No,"This article is being retracted at the request of the corresponding author, Dr. Ervant Nishanian. Dr. Nishanian requested the retraction for the following reason: Columbia University has concluded that one of the co-authors of this article, Mr. Frumento, falsified and fabricated CRP data upon which the conclusions of this article were drawn. In addition, the University found that some of the credentials claimed by Mr. Frumento were not accurate. In the article his degrees are listed as ※Robert Frumento, MS, MPH§. The University found that Mr. Frumento had not received a Master of Science degree from any institution.",Author,2014-10-01 00:00:00,2006-04-01 00:00:00,103.5,Falsification/Fabrication of Data; Investigation by Journal/Publisher; Misconduct by Author;,Data,N,Not reported,Not reported,N,,,,Cardiac surgical,Single
371,"Gethin G, Cowman S. Manuka honey vs. hydrogel - a prospective, open label, multicentre, randomised controlled trial to compare desloughing efficacy and healing outcomes in venous ulcers. J Clin Nurs. 2009;18:466每74.",Yes,No,,"Manuka honey vs. hydrogel - a prospective, open label, multicentre, randomised controlled trial to compare desloughing efficacy and healing outcomes in venous ulcers",10.1111/j.1365-2702.2008.02558.x.,217,Gethin G,J Clin Nurs,No,"The following article from Journal of Clinical Nursing, ＆Manuka honey vs. hydrogel 每 a prospective, open label, multicentre, randomised controlled trial to compare desloughing efficacy and healing outcomes in venous ulcers＊ by Georgina Gethin and Seamus Cowman published online on 25 August 2008 in Wiley Online Library (wileyonlinelibrary.com) and in Volume 18, pp. 466每474, has been retracted by agreement between the journal Editor-in-Chief, the authors and John Wiley & Sons, Ltd. The retraction has been agreed due to errors in the data analysis which affect the article's findings.",Co-request,2014-07-02 00:00:00,2008-08-25 00:00:00,71.23333333,Error in Analyses; Error in Results and/or Conclusions; Investigation by Third Party;,N,N,Not reported,Institution,N,,,,Venous leg ulcer,Multiple
383,"Boldt J, Mueller M, Menges T, et al. Influence of different volume therapy regimens on regulators of the circulation in the critically ill. Br J Anaesth. 1996;77:480每7.",Yes,No,,Influence of different volume therapy regimens on regulators of the circulation in the critically ill,10.1093/bja/77.4.480.,97,Boldt J,Br J Anaesth,No,"The article below is being retracted following an investigation by the Justus-Liebig Universit?t Giessen of the work done by Joachim Boldt during his time there, as there is significant doubt regarding the veracity of this publication. Boldt J, Mueller M, Menges T, Papsdorf M, Hempelmann G. Influence of different volume therapy regimens on regulators of the circulation in the critically ill. Br J Anaesth 1996; 77: 480-7",Editor,2014-02-01 00:00:00,1996-10-01 00:00:00,211.0666667,Investigation by Company/Institution; Unreliable Results;,N,N,Not reported,Not reported,N,,,,Critically ill patients,Not reported
387,"Boldt J, M邦ller M, Mentges D, et al. Volume therapy in the critically ill: is there a difference? Intensive Care Med. 1998;24:28每36.",Yes,No,,Volume therapy in the critically ill: is there a difference?,10.1007/s001340050511.,174,Boldt J,Intensive Care Med,No,"The ethics committee at the University of Giessen was approached to verify whether the study described in this article was submitted there for approval. No records prior to 1993 are available due to the terms of the German Data Protection Act, and there is no trace of study approval between 1993 and 1998 (the year of publication). Therefore, approval of the study can be neither confirmed nor denied. With all due consideration, the Editor-in-Chief of Intensive Care Medicine has decided to take the precaution of retracting this article.",Editor,2013-11-23 00:00:00,1998-01-01 00:00:00,193.5,Doing the Right Thing; Ethical Violations by Author; Lack of Approval from Company/Institution; Lack of IRB/IACUC Approval;,N,N,Not reported,Not reported,N,,,,Critically ill,Not reported
388,"Schietroma M, Carlei F, Cecilia EM, et al. Colorectal infraperitoneal anastomosis: the effects of perioperative supplemental oxygen administration on the anastomotic dehiscence. J Gastrointest Surg. 2012;16:427每34.",Yes,No,,Colorectal infraperitoneal anastomosis: the effects of perioperative supplemental oxygen administration on the anastomotic dehiscence,10.1007/s11605-011-1717-1.,66,Schietroma M,J Gastrointest Surg,No,"The Editors-in-Chief are retracting this article due to similarities to a previously published work entitled ※Incidence, consequences, and risk factors for anastomotic dehiscence after colorectal surgery: a prospective monocentric study§ by Nicolas C. Buchs, Pascal Gervaz, Michelle Secic, Pascal Bucher, B谷atrice Mugnier-Konrad, and Philippe Morel, which was published in the?International Journal of Colorectal Disease?[(2008) 23; 265每270 DOI:?10.1007/s00384-007-0399-3]. The similarities include text repetition and data and statistics in Dr. Schietroma's Table 5 being similar to Dr. Buchs' Table 3.",Editor,2013-11-13 00:00:00,2011-10-06 00:00:00,25.63333333,Euphemisms for Plagiarism; Plagiarism of Data; Plagiarism of Text;,Data,N,Not reported,Not reported,N,,,,Anastomotic dehiscence,Not reported
390,"Sharma SK, Agrawal S, Damodaran D, et al. CPAP for the metabolic syndrome in patients with obstructive sleep apnea. N Engl J Med. 2011;365:2277每86.",Yes,No,,CPAP for the metabolic syndrome in patients with obstructive sleep apnea,10.1056/NEJMoa1103944.,510,Sharma SK,N Engl J Med,No,"To the Editor: As the authors of the article entitled ※CPAP for the Metabolic Syndrome in Patients with Obstructive Sleep Apnea§1 published in the Journal on December 15, 2011, we regret to report that transcription errors occurred in the Supplementary Appendix, available with the full text of the article at NEJM.org. There were multiple errors in the table on pages 18 and 19 of the Supplementary Appendix concerning data on the accumulation of abdominal fat as assessed with the use of computed tomography and on carotid intima每media thickness as assessed with the use of ultrasonography. These errors, in turn, changed some values in Table 4 of the article. Although these changes do not alter the conclusions of the article, the primary data could not be located to verify corrections made from secondary tables. Accordingly, we have no way of confirming the correct data and, with regret, wish to retract the article.",Author,2013-10-21 00:00:00,2011-12-15 00:00:00,22.53333333,Error in Data; Unreliable Results;,Data,N,Not reported,Industry,Y,NCT00694616,2008-06-05 00:00:00,2008-07-01 00:00:00,Obstructive sleep apnea,Single
391,"Liedl A, M邦ller J, Morina N, et al. Physical activity within a CBT intervention improves coping with pain in traumatized refugees: results of a randomized controlled design. Pain Med. 2011;12:234每45.",Yes,No,,Physical activity within a CBT intervention improves coping with pain in traumatized refugees: results of a randomized controlled design,10.1111/j.1526-4637.2010.01040.x.,96,Liedl A,Pain Med,No,"The following article from Pain Medicine, ※Physical Activity within a CBT Intervention Improves Coping with Pain in Traumatized Refugees: Results of a Randomized Controlled Design§ by Alexandra Liedl, Julia M邦ller, Naser Morina, Anke Karl, Claudia Denke, and Christine Knaevelsrud, published online on January 11, 2011 in Wiley Online Library (wileyonlinelibrary.com), has been retracted by agreement between the authors, the journal Editor in Chief, the American Academy of Pain Medicine, and Wiley Periodicals, Inc. The retraction has been agreed due to data files, comprising participant identification details, being improperly sent between study sites and some costs for research sessions and interpreters being incorrectly charged. Data quality, data analyses, and clinical conclusions drawn from the results were not affected.",Editor,2013-10-01 00:00:00,2011-02-01 00:00:00,32.43333333,Breach of Policy by Author; Concerns/Issues About Data; Concerns/Issues About Image;,Data,N,Not reported,Not reported,N,,,,Posttraumatic stress disorder and chronic pain,Multiple
415,"Fujii Y, Saitoh Y, Tanaka H, et al. Granisetron/dexamethasone combination for the prevention of postoperative nausea and vomiting after laparoscopic cholecystectomy. Eur J Anaesthesiol. 2000;17:64每8.",Yes,No,,Granisetron/dexamethasone combination for the prevention of postoperative nausea and vomiting after laparoscopic cholecystectomy,10.1046/j.1365-2346.2000.00617.x.,97,Fujii Y,Eur J Anaesthesiol,No,The Editor-in-Chief retracts the article ＆Granisetron/dexamethasone combination for the prevention of postoperative nausea and vomiting after laparoscopic cholecystectomy＊ by Fujii et al.1 The reasons for retraction are outlined in the accompanying editorial ＆The Fujii story - a chronicle of naive disbelief＊.2,Editor,2013-05-01 00:00:00,2000-01-01 00:00:00,162.3,Falsification/Fabrication of Data; Investigation by Company/Institution; Investigation by Third Party; Lack of IRB/IACUC Approval; Misconduct - Official Investigation/Finding; Misconduct by Author;,Data,N,Not reported,Not reported,N,,,,Laparoscopic cholecystectomy,Not reported
424,"Fujii Y, Saitoh Y, Tanaka H, et al. Ramosetronvs granisetron for the prevention of postoperative nausea and vomiting after laparoscopic cholecystectomy. Can J Anesth Can d＊anesth谷sie. 1999;46:991每3.",Yes,No,,Ramosetron vs granisetron for the prevention of postoperative nausea and vomiting after laparoscopic cholecystectomy,10.1007/BF03013138.,68,Fujii Y,Can J Anesth Can d＊anesth谷sie,No,"Further to the Expression of ConcernFootnote1 posted online on February 15th, 2013, it is with considerable regret that the Canadian Journal of Anesthesia hereby retracts the above-cited article by Dr. Yoshitaka Fujii as a result of: 1) overwhelming evidence of fabrication relating to the fact that the distributions of many variables reported by Dr. Fujii in these studies are exceedingly unlikely;1,2 and 2) the inability of Dr. Fujii＊s institution to attest to the integrity of the study and/or the data conducted under its auspices, as set out in the Joint Editors-in-Chief Request for Determination of April 9th, 2012.Footnote2 We extend our sincere appreciation to University of Tsukuba Institute of Clinical Medicine for their review of the status of Dr. Fujii＊s research and to the investigating committee for their review of his research findings.",Editor,2013-04-27 00:00:00,1999-10-01 00:00:00,165.2333333,Falsification/Fabrication of Data; Falsification/Fabrication of Results; Investigation by Company/Institution; Investigation by Third Party; Misconduct - Official Investigation/Finding; Misconduct by Author; Upgrade/Update of Prior Notice;,Data,N,Not reported,Not reported,N,,,,Laparoscopic cholecystectomy,Not reported
462,"Sawada T, Yamada H, Dahl?f B, et al. Effects of valsartan on morbidity and mortality in uncontrolled hypertensive patients with high cardiovascular risks: KYOTO heart study. Eur Heart J. 2009;30:2461每9.",Yes,No,,Effects of valsartan on morbidity and mortality in uncontrolled hypertensive patients with high cardiovascular risks: KYOTO heart study,10.1093/eurheartj/ehp363.,239,Sawada T,Eur Heart J,No,This article has been retracted by the journal. Critical problems existed with some of the data reported in the above paper. The editors of the European Heart Journal hereby retract this paper and discourage citations of it.,Editor,2013-02-01 00:00:00,2009-08-31 00:00:00,41.66666667,Error in Data;,Data,N,Not reported,Institution,Y,NCT00149227,2005-09-06 00:00:00,2004-01-01 00:00:00,High cardiovascular risks,Multiple
471,"Fujii Y, Tanaka H, Toyooka H. Granisetron-dexamethasone combination reduces postoperative nausea and vomiting. Can J Anaesth. 1995;42:387每90.",Yes,No,,Granisetron-dexamethasone combination reduces postoperative nausea and vomiting,10.1007/BF03015482.,74,Fujii Y,Can J Anaesth,No,"Further to the Expression of ConcernFootnote1 posted online on March 13th, 2012, it is with considerable regret that the Canadian Journal of Anesthesia hereby retracts the above-cited article by Dr. Yoshitaka Fujii as a result of: (1) overwhelming evidence of fabrication relating to the fact that the distributions of many variables reported by Dr. Fujii in these studies are exceedingly unlikely;1,2 and (2) the inability of Dr. Fujii＊s institution to attest to the integrity of the study and/or the data conducted under its auspices, as set out in the Joint Editors-in-Chief Request for Determination of April 9, 2012.Footnote2 We extend our sincere appreciation to Toride Kyodo General Hospital for their review of the status of Dr. Fujii＊s research and to the investigating committee for their review of his research findings.",Editor,2012-11-27 00:00:00,1995-05-01 00:00:00,214,Falsification/Fabrication of Data; Investigation by Company/Institution; Investigation by Third Party; Misconduct - Official Investigation/Finding; Misconduct by Author; Upgrade/Update of Prior Notice;,Data,N,Not reported,Not reported,N,,,,Postoperative nausea and vomiting,Not reported
472,"Fujii Y, Tanaka H, Toyooka H. Optimal anti-emetic dose of granisetron for preventing post-operative nausea and vomiting. Can J Anaesth. 1994;41:794每7.",Yes,No,,Optimal anti-emetic dose of granisetron for preventing postoperative nausea and vomiting,10.1007/BF03011585.,94,Fujii Y,Can J Anaesth,No,"Further to the Expression of ConcernFootnote1 posted online on March 13th, 2012, it is with considerable regret that the Canadian Journal of Anesthesia hereby retracts the above-cited article by Dr. Yoshitaka Fujii as a result of: (1) overwhelming evidence of fabrication relating to the fact that the distributions of many variables reported by Dr. Fujii in these studies are exceedingly unlikely;1,2 and (2) the inability of Dr. Fujii＊s institution to attest to the integrity of the study and/or the data conducted under its auspices, as set out in the Joint Editors-in-Chief Request for Determination of April 9, 2012.Footnote2 We extend our sincere appreciation to Toride Kyodo General Hospital for their review of the status of Dr. Fujii＊s research and to the investigating committee for their review of his research findings.",Editor,2012-11-27 00:00:00,1994-09-01 00:00:00,222.0666667,Falsification/Fabrication of Data; Investigation by Company/Institution; Investigation by Third Party; Misconduct - Official Investigation/Finding; Misconduct by Author; Upgrade/Update of Prior Notice;,Data,N,Not reported,Not reported,N,,,,Post-operative nausea and vomiting,Not reported
485,"Handa F, Fujii Y. The efficacy of oral clonidine premedication in the prevention of postoperative vomiting in children following strabismus surgery. Pediatr Anesth. 2001;11:71每4.",Yes,No,,The efficacy of oral clonidine premedication in the prevention of postoperative vomiting in children following strabismus surgery,10.1046/j.1460-9592.2001.00615.x.,67,Handa F,Pediatr Anesth,No,"The article ＆The efficacy of oral clonidine premedication in the prevention of postoperative vomiting in children following strabismus surgery＊ by Handa F, Fujii Y, published in Pediatric Anesthesia 2001 Jan; 11 (1): 71每74 1 and online at http://onlinelibrary.wiley.com/doi/10.1046/j.1460-9592.2001.00615.x/abstract, is being retracted as a result of: (i) overwhelming evidence of fabrication in Dr Fujii's studies, related to the fact that the distributions of many variables reported in these studies could not have occurred by chance 2, 3; and (ii) the inability of Dr Fujii's institution (Hyogo Prefectural Kobe Children's Hospital) to attest to the integrity of the study and/or its data, or ethical approval, conducted under its auspices, as set out in the Joint Editors-in-Chief Request for Determination of April 9, 2012 4. References",Editor,2012-10-21 00:00:00,2001-01-26 00:00:00,142.8666667,Falsification/Fabrication of Data; Investigation by Company/Institution; Investigation by Third Party; Lack of IRB/IACUC Approval; Misconduct - Official Investigation/Finding; Misconduct by Author;,Data,N,Not reported,Not reported,N,,,,Postoperative vomiting in children following strabismus surgery,Not reported
489,"Fujii Y, Tanaka H, Toyooka H. The effects of dexamethasone on antiemetics in female patients undergoing gynecologic surgery. Anesth Analg. 1997;85:913每7.",Yes,No,,The effects of dexamethasone on antiemetics in female patients undergoing gynecologic surgery,10.1097/00000539-199710000-00036.,157,Fujii Y,Anesth Analg,No,"The editor in chief of Anesthesia & Analgesia requests the retraction of the article ※The effects of dexamethasone on antiemetics in female patients undergoing gynecologic surgery§ by Yoshitaka Fujii, Hiroyoshi Tanaka, and Hidenori Toyooka (Anesthesia & Analgesia, October 1997, volume 85, pages 913-7). Please see Editor's Note: Notices of Retraction in the October 2012 issue.",Editor,2012-10-01 00:00:00,1997-10-01 00:00:00,182.6333333,Falsification/Fabrication of Data; Investigation by Company/Institution; Investigation by Third Party; Misconduct - Official Investigation/Finding; Misconduct by Author;,Data,N,Not reported,Not reported,N,,,,Gynecologic surgery,Not reported
491,"Garg B, Marimuthu K, Kumar V, et al. Outcome of short proximal femoral nail antirotation and dynamic hip screw for fixation of unstable trochanteric fractures. A randomised prospective comparative trial. HIP Int. 2011;21:531每6.",Yes,No,,Outcome of short proximal femoral nail antirotation and dynamic hip screw for fixation of unstable trochanteric fractures. A randomised prospective comparative trial,10.5301/HIP.2011.8657.,130,Garg B,HIP Int,No,This article has been retracted due to infringements of professional ethical codes There are discrepancies in the authorship of the manuscript There are flaws in the study methodology. 3. The mean ages are inaccurate. The study dates are inaccurate. The Institutional Review Board statement is inaccurate.G Apologies are offered to readers of the journal. Authors must make sure their work is accurate and complies with profes. sional ethical codes.Similar cases will be referred to retractionwatch.,Editor,2012-08-31 00:00:00,2011-09-22 00:00:00,11.46666667,Concerns/Issues About Authorship; Error in Data; Error in Methods; Ethical Violations by Author; Investigation by Journal/Publisher; Lack of IRB/IACUC Approval; Objections by Third Party;,Data,N,Not reported,No,N,,,,Unstable trochanteric fractures,Single
515,"Roberts JT, von der Maase H, Sengel?v L, et al. Long-term survival results of a randomized trial comparing gemcitabine/cisplatin and methotrexate/vinblastine/doxorubicin/cisplatin in patients with locally advanced and metastatic bladder cancer. Ann Oncol. 2006;17:v118每22.",Yes,No,,Long-term survival results of a randomized trial comparing gemcitabine/cisplatin and methotrexate/vinblastine/doxorubicin/cisplatin in patients with locally advanced and metastatic bladder cancer,10.1093/annonc/mdj965.,153,Roberts JT,Ann Oncol,No,"The editors of Journal of Clinical Oncology identified a published paper in Annals of Oncology that appeared to represent a case of redundant publication involving the following articles: Long-term survival results of a randomized trial comparing gemcitabine plus cisplatin, with methotrexate, vinblastine,doxorubicin, plus cisplatin in patients with bladder cancer. Hans von der Maase, Lisa Sengelov, James T. Roberts, Sergio Ricci, Luigi Dogliotti, T. Oliver, Malcolm J. Moore, Annamaria Zimmermann, and Michael Arning. J Clin Oncol 2005; 23: 4602每4608. DOI:10.1200/JCO.2005.07.757. Long-term survival results of a randomized trial comparing gemcitabine/cisplatin and methotrexate/vinblastine/doxorubicin/cisplatin in patients with locally advanced and metastatic bladder cancer. J. T. Roberts, H. von der Maase, L. Sengel?v, P. F. Conte, L. Dogliotti, T. Oliver, M. J. Moore, A. Zimmermann and M. Arning. Ann Oncol 2006; 17 (Supplement 5): v 118每v 122. DOI:10.1093/annonc/mdj965. Following the Committee on Publication Ethics guidelines, the editors of Annals of Oncology have analyzed these two articles and after communication with several of the authors have confirmed that this in indeed the case and we, the editors, hereby retract the redundant Annals article to correct the published record. Annals of Oncology apologizes on behalf of all concerned.",Editor,2011-11-01 00:00:00,2006-05-01 00:00:00,67,Duplication of Article;,N,N,Not reported,Institution,N,,,,Locally advanced and metastatic bladder cancer,Not reported
519,"Boldt J, Brosch C, Ducke M, et al. Influence of volume therapy with a modern hydroxyethylstarch preparation on kidney function in cardiac surgery patients with compromised renal function: a comparison with human albumin. Crit Care Med. 2007;35:2740每6.",Yes,No,,Influence of volume therapy with a modern hydroxyethylstarch preparation on kidney function in cardiac surgery patients with compromised renal function: a comparison with human albumin,10.1097/01.CCM.0000288101.02556.DE.,138,Boldt J,Crit Care Med,No,"In November of 2007, Dr, Joschim Boldt published a manuscript in Cririce! CareMedicine entitled, ""Influence of volume therapy with a modern hydroxyethyistarchpreparation on kidney function in cardiac surgery patients with compromised renalfunction: a comparison with human albumi"" (l), which is hereby retracted. Dr. Boldtalso published a manuscript in 200l in Crifica! Care Medicine, entitled, ""lnfluence ofprophylactic use of pentoxifylline on postoperative organ function in elderiy cardiacsurgery patients"" (2), which is also bein retracted. Dr, Boldt's institution, Klinikum ludwigshafen, has no Institutional Review Board(IRB) and that instead, IRB review and ethical oversight of research conducted atKlinikum Ludwigshafen is the responsibility of Landesarzetekammer Rheinland-Pfalz(LAK RLP). A review by lAK.RLP, the State Medical Association of Rheinland-Pfalz.determined that there was no lRB approval as described in the studies and believed themanuscript to be compromised, For additional information, piease go to: httpc/www.sccm.org/publications/Critical Care Medicine or http:/'www.journals.lww.comyccmjoumal to view Fditorial Statement: lnvestigation of clinical Tials hy JoachimBoldt and Fditorsin Chief Sttement Resarding Published (linical TrialsConductedwithout lRB Appraval by Joachim Boldt.",Editor,2011-10-01 00:00:00,2007-12-01 00:00:00,46.66666667,Investigation by Company/Institution; Investigation by Journal/Publisher; Lack of IRB/IACUC Approval; Misconduct - Official Investigation/Finding; Misconduct by Author;,N,N,Not reported,Institution,N,,,,Kidney dysfunction cardiac surgery,Single
523,"Haisch G, Boldt J, Krebs C, et al. Influence of a new hydroxyethylstarch preparation (HES 130/0.4) on coagulation in cardiac surgical patients. J Cardiothorac Vasc Anesth. 2001;15:316每21.",Yes,No,,Influence of a new hydroxyethylstarch preparation (HES 130/0.4) on coagulation in cardiac surgical patients,10.1053/jcan.2001.23276.,144,Haisch G,J Cardiothorac Vasc Anesth,No,"This article has been retracted at the request of the Editor-in-Chief, Dr. Joel Kaplan. Journal of Cardiothoracic and Vascular Anesthesia requires that Internal Review Board (IRB) approvals be received for all articles involving human subjects. A recent investigation by the Landesarztkammer Rheinland-Pfalz (LAK-RLP), the State Medical Association of Rheinland-Pfalz, Germany, which serves as the IRB for clinical research at Klinikum der Stadt Lundwigshafen, where this research was conducted, has determined that the IRB approvals required for several articles were not obtained, and that there is a reasonable concern that such approvals were not obtained for this article.",Editor,2011-09-10 00:00:00,2001-06-01 00:00:00,125.1,Investigation by Company/Institution; Investigation by Journal/Publisher; Investigation by Third Party; Lack of IRB/IACUC Approval; Misconduct - Official Investigation/Finding; Misconduct by Author;,N,N,Not reported,Not reported,N,,,,Cardiac surgery,Single
527,"Mochizuki S, Dahl?f B, Shimizu M, et al. Valsartan in a Japanese population with hypertension and other cardiovascular disease (Jikei Heart Study): a randomised, open-label, blinded endpoint morbidity-mortality study. Lancet. 2007;369:1431每9.",Yes,No,,"Valsartan in a Japanese population with hypertension and other cardiovascular disease (Jikei Heart Study): a randomised, open-label, blinded endpoint morbidity-mortality study",10.1016/S0140-6736(07)60669-2.,528,Mochizuki S,Lancet,No,"The Lancet published the Jikei Heart Study in April, 2007.1 On July 31, 2013, we were informed by Professor Kazuhiro Hashimoto (Jikei University) that there had been a press conference on July 30 reporting an interim conclusion from an internal investigation into this research. The report considered that ※The data on blood pressure are not reliable＃§. Given this fi nding, we now wish to retract the Jikei Heart Study on the grounds that we no longer have confi dence in the published results. When the Jikei Heart Study was fi rst published, Staessen and Richart2 congratulated the investigators on their report. But we soon became aware that there was concern in Japan about the trial. Indeed, there was not only concern about the Jikei Heart Study, but also the Kyoto Heart Study, which was published in the European Heart Journal in 2009.3 Both reports were about valsartan and had several authors in common. In October, 2011, we received correspondence expressing concern about the similarity of the standard deviations of the mean blood pressure measurements in the two studies, and we invited the authors to comment. Although we were initially satisfi ed with their response, in 2012 we published a letter from Dr Yui reporting further concerns.4 The retraction of the Kyoto Heart Study5 in February, 2013 led to an investigation into the conduct of the Jikei Heart Study. An investigating committee headed by Professor Hashimoto from Jikei University was estab lished. We became aware of this development on April 29, 2013, and on May 2 we wrote to Jikei University asking for details of the investigation and requesting that we be kept informed. We wrote again on June 4 and June 19 asking when the investigation might be completed. We wrote again on July 31 after we were made aware that a press conference had been held. By return we received a synopsis of the investigation＊s fi ndings. The report identifi es concern over the reliability of the blood pressure data: ※We believe, therefore, that the data were intentionally altered.§ The report goes on to say: ※We sus pect that the data were altered during their statistical analysis.§ The report also comments on the affi liation of the person entrusted with the statistical analysis, www.thelancet.com Vol 382 September 7, 2013 Nobuo Shirahashi. Mr Shirahashi＊s affi liation, as provided to The Lancet, was: ※Clinical epidemiology, Osaka City Univer sity Graduate School§. In April of this year, The Lancet received a letter from a professor at Osaka City University Graduate School of Medicine informing us that there has never been a Department of Clinical Epidemiology in the university, that Oska City University ※has never had the statistical analysis group for Jikei Heart Study§, and that Mr Shirahashi ※has never been staff of our university§ but was employed by Novartis Pharma Japan. Our attempts to obtain a response from Mr Shirahashi were hindered by his recent retirement from Novartis, but the Global Head of Medical Aff airs, Dr Usman Azam, did share with The Lancet that Mr Shirahashi had been employed by Novartis throughout the period of the trial and its publication. Dr Azam also told us: ※In addition, it appears Mr Shirahashi obtained an unpaid position in about 2001 with the Osaka City University Graduate School＊s Medical Research Faculty as a part-time lecturer in the Department of Medicine. He held the posi tion until 2011.§ Dr Azam further acknowledges ※...that Mr Shirahashi should have requested the studies＊ authors to identify him as a Novartis Pharma K.K. employee§ . Taken together, these fi ndings indicate that there is now suffi cient doubt as to the integrity of the Jikei Heart Study and the obfuscation over affi liation of the study statistician for The Lancet formally to retract the paper from the scientifi c record.",Editor,2011-09-07 00:00:00,2007-04-28 00:00:00,53.1,Concerns/Issues about Referencing/Attributions; Investigation by Company/Institution; Unreliable Data;,Data,N,Not reported,Others,Y,NCT00133328,2005-08-22 00:00:00,2002-01-01 00:00:00,Hypertension and other cardiovascular disease,Multiple
545,"Piper SN, R?hm KD, Suttner SW, et al. A comparison of nefopam and clonidine for the prevention of postanaesthetic shivering: a comparative, double-blind and placebo-controlled dose-ranging study. Anaesthesia. 2004;59:559每64.",Yes,No,,"A comparison of nefopam and clonidine for the prevention of postanaesthetic shivering: a comparative, double-blind and placebo-controlled dose-ranging study",10.1111/j.1365-2044.2004.03734.x.,71,Piper SN,Anaesthesia,No,"The following article from Anaesthesia, ＆A comparison of nefopam and clonidine for the prevention of postanaesthetic shivering: a comparative, double-blind and placebo-controlled dose-ranging study, by Piper SN, R?hm KD, Suttner SW, Maleck WH, Kranke P, Boldt J., published online in Wiley Online Library (http://onlinelibrary.wiley.com/doi/10.1111/j.1365-2044.2004.03734.x/abstract) on 12 May 2004 and in Volume 59 (2004), Number 6, pages 559每564, has been retracted by agreement between the Journal Editor-in-Chief, Steve Yentis, and Blackwell Publishing Ltd. The retraction is based on the determination by Landes?rztekammer Rheinland-Pfalz (the State Medical Association of Rheinland-Pfalz, Germany) that the study did not have ethical approval or advice, as required by law.",Editor,2011-06-21 00:00:00,2004-06-01 00:00:00,85.86666667,Investigation by Company/Institution; Investigation by Third Party; Lack of IRB/IACUC Approval; Misconduct - Official Investigation/Finding; Misconduct by Author;,N,N,Not reported,Not reported,N,,,,Postanaesthetic shivering,Not reported
548,"Piper SN, Suttner SW, Schmidt CC, et al. Nefopam and clonidine in the prevention of postanaesthetic shivering. Anaesthesia. 1999;54:695每9.",Yes,No,,Nefopam and clonidine in the prevention of postanaesthetic shivering,10.1046/j.1365-2044.1999.00849.x.,125,Piper SN,Anaesthesia,No,"The following article from Anaesthesia, ＆Nefopam and clonidine in the prevention of postanaesthetic shivering＊, by Piper SN, Suttner SW, Schmidt CC, Maleck WH, Kulme P, Boldt J, published online in Wiley Online Library (http://onlinelibrary.wiley.com/doi/10.1046/j.1365-2044.1999.00849.x/abstract) on 6 April 2002 and in Volume 54 (1999), Number 7, pages 695每699, has been retracted by agreement between the Journal Editor-in-Chief, Steve Yentis, and Blackwell Publishing Ltd. The retraction is based on the determination by Landes?rztekammer Rheinland-Pfalz (the State Medical Association of Rheinland-Pfalz, Germany) that the study did not have ethical approval or advice, as required by law.",Editor,2011-06-21 00:00:00,1999-07-01 00:00:00,145.7666667,Investigation by Company/Institution; Investigation by Third Party; Lack of IRB/IACUC Approval; Misconduct - Official Investigation/Finding; Misconduct by Author;,N,N,Not reported,Not reported,N,,,,Postanaesthetic shivering,Not reported
562,"Boldt J, Brenner T, Lehmann A, et al. Influence of two different volume replacement regimens on renal function in elderly patients undergoing cardiac surgery: comparison of a new starch preparation with gelatin. Intensive Care Med. 2003;29:763每9.",Yes,No,,Influence of two different volume replacement regimens on renal function in elderly patients undergoing cardiac surgery: comparison of a new starch preparation with gelatin,10.1007/s00134-003-1702-6.,173,Boldt J,Intensive Care Med,No,This article has been retracted as the IRB approval for the research was misrepresented. The investigating committee at Klinikum Ludwigshafen found the lack of IRB approval and this is unethical. It does not mean that the research results per se are fraudulent. The investigating committee is systematically assessing the veracity of the findings presented in Dr. Boldt＊s articles against patient and laboratory records. We will communicate to our readers any finding of data fabrication or misrepresentation identified by the investigating committee,Editor,2011-05-21 00:00:00,2003-03-29 00:00:00,99.16666667,Concerns/Issues About Data; Ethical Violations by Author; Investigation by Company/Institution; Investigation by Third Party; Lack of IRB/IACUC Approval;,Data,N,Not reported,Not reported,N,,,,Cardiac surgery,Single
570,"Lehmann A, Boldt J, Thaler E, et al. Bispectral index in patients with target-controlled or manually-controlled infusion of propofol. Anesth Analg. 2002;95:639每44.",Yes,No,,Bispectral index in patients with target-controlled or manually-controlled infusion of propofol,10.1097/00000539-200209000-00027.,76,Lehmann A,Anesth Analg,No,"The editor in chief of Anesthesia & Analgesia requests the retraction of the article ※Bispectral index in patients with target-controlled or manually-controlled infusion of propofol§ by Andreas Lehmann, Joachim Boldt, Elfi Thaler, Swen Piper, and Udo Weisse (Anesthesia & Analgesia, September 2002, volume 95, pages 639 每 644). Please see Editor＊s Note: Notices of Retraction on page 1246 in this issue",Editor,2011-05-01 00:00:00,2002-09-01 00:00:00,105.4666667,Investigation by Company/Institution; Investigation by Third Party; Lack of IRB/IACUC Approval; Misconduct - Official Investigation/Finding; Misconduct by Author;,N,N,Not reported,Not reported,N,,,,Infusion of propofol,Not reported
578,"Boldt J, Brosch C, R?hm K, et al. Is albumin administration in hypoalbuminemic elderly cardiac surgery patients of benefit with regard to inflammation, endothelial activation, and long-term kidney function? Anesth Analg. 2008;107:1496每503.",Yes,No,,"Is albumin administration in hypoalbuminemic elderly cardiac surgery patients of benefit with regard to inflammation, endothelial activation, and long-term kidney function?",10.1213/ane.0b013e31818370b2.,67,Boldt J,Anesth Analg,No,"The editor in chief of Anesthesia & Analgesia requests the retraction of the article ※Is albumin administration in hypoalbuminemic elderly cardiac surgery patients of benefit with regard to inflammation, endothelial activation, and long-term kidney function?§ by Joachim Boldt, Ch Brosch, K. R?hm, A. Lehmann, A. Mengistu, and S. Suttner (Anesthesia & Analgesia, November 2008, volume 107, pages 1496 每1503). Please see Editor＊s Note: Notices of Retraction on page 1246 in this issue",Editor,2011-05-01 00:00:00,2008-11-01 00:00:00,30.36666667,Ethical Violations by Author; Investigation by Company/Institution; Investigation by Third Party; Lack of IRB/IACUC Approval; Misconduct - Official Investigation/Finding; Misconduct by Author;,N,N,Not reported,Not reported,N,,,,Cardiac surgery,Not reported
590,"Boldt J, Suttner S, Brosch C, et al. Cardiopulmonary bypass priming using a high dose of a balanced hydroxyethyl starch versus an albumin-based priming strategy. Anesth Analg. 2009;109:1752每62.",Yes,No,,Cardiopulmonary bypass priming using a high dose of a balanced hydroxyethyl starch versus an albumin-based priming strategy,10.1213/ANE.0b013e3181b5a24b.,92,Boldt J,Anesth Analg,No,"To Our Readers I n December 2009 Anesthesia & Analgesia published the manuscript ※Cardiopulmonary Bypass Priming Using a High Dose of a Balanced Hydroxyethyl Starch Versus an Albumin-Based Priming Strategy§ by Joachim Boldt, Stephan Suttner, Christian Brosch, Andreas Lehmann, Kerstin R?hm, and Andinet Mengistu.1 Shortly following publication, the Journal received several letters from concerned readers that the variability in the cytokine assay was too low to be believed. Upon reviewing the results, we concurred with that assessment. We also believed that the variability in blood gas results reported in the paper was too low to be believable. After several months of inquiries we determined that Professor Boldt＊s institution, Klinikum Ludwigshafen, had no Institutional Review Board. Instead, IRB review and ethical oversight of research conducted at Klinikum Ludwigshafen is the responsibility of Landesa“rztekammer Rheinland-Pfalz (※L?K§), the Rheinland State Medical Board. In May I sent a request for review to L?K, explaining my concerns about the veracity of the report published in Anesthesia & Analgesia. On October 25th I received notification from L?K about their findings. Professor Boldt＊s manuscript describes IRB review, written informed consent, prospective randomization, and a follow-up questionnaire. L?K determined that there was no IRB approval, no written informed consent, no randomization process, and no follow-up questionnaire as described in the study. These are very serious misrepresentations in Professor Boldt＊s manuscript. As a result, the entire manuscript is compromised, and is hereby retracted. The primary concern investigated by L?K was whether the data in the manuscript were fabricated. Fabrication is easy to disprove by providing original research data (e.g., patient medical records, laboratory records, disk files from research equipment) to demonstrate the validity of the report. Despite having several months to collect such data, Professor Boldt has not provided L?K with any original research data to refute the allegation of data fabrication. L?K has not reached a conclusion that the data were fabricated. This is still an open question, and L?K is continuing its investigation. Based on the findings of L?K, the report published in Anesthesia & Analgesia is fraudulent. Numerous representations in the manuscript are untrue. It is possible that the study was never performed at all. If the study were performed as reported, then that would represent a profound violation of research ethics, as there was no IRB approval or written informed consent. Professor Boldt has published more than 200 manuscripts in the peer reviewed medical literature. A shadow has been cast over that body of work based on a determination that the report published in Anesthesia & Analgesia is fraudulent. In the coming months and years we will work with L?K to determine the veracity of all reports by Professor Boldt published in Anesthesia & Analgesia. Editorial comments to accompany this retraction will appear in the March 2011 issue of Anesthesia & Analgesia. However, our responsibility to our readership, and to the patients we care for, requires our immediately sharing the findings of the inquiry by L?K with our readership and the academic community, and our immediate retraction of the manuscript. Anesthesia & Analgesia is uncompromising in its commitment to scientific integrity. When credible evidence of misconduct is brought to our attention, our commitment to the scientific record, to our readers, and to the patients our readers care for requires that we pursue all such allegations until a determination has been made. I appreciate the dedication to academic integrity demonstrated by Landesa“rztekammer Rheinland-Pfalz in pursuing their investigation into the veracity of a report published in Anesthesia & Analgesia. They have been exceedingly helpful and forthcoming at every step. I have absolute confidence that L?K will work with the Journal to review the veracity of the manuscripts published by Professor Boldt in Anesthesia & Analgesia and restore the integrity of the published scientific record. Steven L. Shafer, MD Editor-in-Chief Anesthesia & Analgesia",Editor,2010-12-01 00:00:00,2009-12-01 00:00:00,12.16666667,Falsification/Fabrication of Data; Investigation by Company/Institution; Investigation by Third Party; Lack of IRB/IACUC Approval; Misconduct - Official Investigation/Finding; Misconduct by Author;,Data,N,Not reported,Institution,N,,,,Coronary artery bypass grafting,Not reported
592,"Ni G-X, Song L, Yu B, et al. Tai chi improves physical function in older Chinese women with knee osteoarthritis. JCR J Clin Rheumatol. 2010;16:64每7.",Yes,No,,Tai chi improves physical function in older Chinese women with knee osteoarthritis,10.1097/RHU.0b013e3181cf344f.,82,Ni G-X,JCR J Clin Rheumatol,No,"As the primary author of the article ＆＆Tai Chi Improves Physical Function in Older Chinese Women With Knee Osteoarthritis＊＊ (J Clin Rheumatol, 16, 64Y67) has admitted copying some phrases directly from Dr Wang and the Fujian Medical University, Fuzhou, China has provided no formal documentation that the work described was actually done, this article is being withdrawn.",Unclear,2010-10-01 00:00:00,2010-03-01 00:00:00,7.133333333,Euphemisms for Misconduct; Falsification/Fabrication of Data; Plagiarism of Text;,Data,N,Not reported,Not reported,N,,,,Older chinese women with knee osteoarthritis,Not reported
596,"Nakao N, Yoshimura A, Morita H, et al. Combination treatment of angiotensin-II receptor blocker and angiotensin-converting-enzyme inhibitor in non-diabetic renal disease (COOPERATE): a randomised controlled trial. Lancet. 2003;361:117每24.",Yes,No,,Combination treatment of angiotensin-II receptor blocker and angiotensin-converting-enzyme inhibitor in non-diabetic renal disease (COOPERATE): a randomised controlled trial,10.1016/S0140-6736(03)12229-5.,1486,Nakao N,Lancet,No,"After a letter of concern,1 which arose when Regina Kunz and colleagues attempted to include the data from COOPERATE into a meta-analysis, we have now received the conclusions of an institutional investigation into the COOPERATE trial.2 The investigation committee led by Yutuka Sanada, the President of Showa University Fujigaoka Hospital, met seven times, questioned the lead author, Naoyuki Nakao, directly, and examined the original medical records of his patients at Gen Gen-Do Kimitsu Hospital, where the trial was conducted. They concluded that contrary to statements in the paper, the trial had not been approved by the ethics committee of Gen Gen-Do Kimitsu Hospital. Also, contrary to the statement on patients＊ consent, Dr Nakao reposted that he had received verbal consent from patients shortly after the start of the study and written consent only during the study. The involvement of a statistician could not be verifi ed. The committee concluded that the trial was not a double-blind study, because Dr Nakao knew the treatment allocation. In the attempt to assess the validity of the data, a sample of medical records was compared with the data provided by Dr Nakao. The committee concluded that it was unable to prove the authenticity of the data. The conclusions of this thorough investigation mean that the paper must be retracted from the published record. The initial reactions to the publication of COOPERATE drew a round of criticisms,3每6 which initially appeared to fall into the category of scientifi c debate. Further controversy arose when a substudy of COOPERATE was published in the American Journal of Nephrology, 7,8 which resulted in a major data correction. After Kunz and colleagues＊ closer look at the data, it became clear that an institutional investigation was warranted and we are grateful that Yutuka Sanada and colleagues have conducted this investigation. The Editors of The Lancet The Lancet, London NW1 7BY, UK 1 Kunz R, Wolbers M, Glass T, Mann JFE. The COOPERATE trial: a letter of concern. Lancet 2008; 371: 1575每56. 2 Nakao N, Yoshimura A, Morita H, Takada M, Kayano T, Ideura T. Combination treatment of angiotensin II receptor blocker and angiotensin-converting-enzyme inhibitor in non-diabetic renal disease (COOPERATE): a randomised controlled trial. Lancet 2003; 361: 117每24. 3 Kr邦ger B, B?ger C, Stubanus M, Fischereder M, Kr?mer BK. The COOPERATE trial. Lancet 2003; 361: 1054. 4 Presne C, Mansour J, Makdassi R, Choukroun G, Fournier A. The COOPERATE trial. Lancet 2003; 361: 1054. 5 Halbekath J, Schenk S. The COOPERATE trial. Lancet 2003; 361: 1055. 6 Vogt L, Laverman GD, de Zeeuw D, Navis G. Lancet 2003; 361: 1055每56. 7 Nakao N, Sen H, Kasuga H, Toriyama T, Kawahara H, Fukagawa M. Eff ects of combination treatment with losartan and trandolapril on offi ce and ambulatory blood pressures in non-diabetic renal disease: a COOPERATEABP substudy. Am J Nephrol 2004; 24: 543每48. 8 Bidani A. controversy about COOPERATE ABPM trial data. Am J Nephrol 2006; 26: 629每32",Editor,2009-10-10 00:00:00,2003-01-11 00:00:00,82.13333333,Bias Issues or Lack of Balance; Concerns/Issues About Data; Error in Analyses; Ethical Violations by Author; Informed/Patient Consent - None/Withdrawn; Investigation by Company/Institution; Lack of Approval from Company/Institution; Results Not Reproducible;,Data,N,Not reported,Institution,N,,,,Non-diabetic renal disease,Single
597,"Abdelkefi A, Ladeb S, Torjman L, et al. Single autologous stem-cell transplantation followed by maintenance therapy with thalidomide is superior to double autologous transplantation in multiple myeloma: results of a multicenter randomized clinical trial. Blood. 2008;111:1805每10.",Yes,No,,Single autologous stem-cell transplantation followed by maintenance therapy with thalidomide is superior to double autologous transplantation in multiple myeloma: results of a multicenter randomized clinical trial,10.1182/blood-2007-07-101212.,151,Abdelkefi A,Blood,No,"The authors wish to retract the February 15, 2008, article cited above. The initial data available at the time the paper was published were inappropriately collected. The first author, Abderrahman Abdelkefi, was solely responsible for the errors. The authors present their deepest apologies to the scientific community and to the readers, reviewers, and editors of Blood for publishing these data. The undersigned agreed to the retraction by notifying the journal.",Author,2009-06-11 00:00:00,2008-02-15 00:00:00,16.06666667,Error in Data; Error in Methods;,Data,N,Not reported,Institution,Y,NCT00207805,2005-09-13 00:00:00,2003-05-01 00:00:00,Multiple myeloma,Multiple
598,"Cheng B-Q, Jia C-Q, Liu C-T, et al. Chemoembolization combined with radiofrequency ablation for patients with hepatocellular carcinoma larger than 3 cm. JAMA. 2008;299:1669-77.",Yes,No,,Chemoembolization combined with radiofrequency ablation for patients with hepatocellular carcinoma larger than 3 cm,10.1001/jama.299.14.1669.,261,Cheng B-Q,JAMA,No,"I N THE APRIL 9, 2008, ISSUE OF JAMA, AN ARTICLE ENtitled ※Chemoembolization Combined With Radiofrequency Ablation for Patients With Hepatocellular Carcinoma Larger Than 3 cm: A Randomized Controlled Trial§ was published by Dr Cheng and colleagues.1 We subsequently received information that raised concerns about the integrity of the data and the veracity of the report. We conducted an extensive internal investigation into these concerns, contacted the primary author of the study, and also notified Shandong University, the authors＊ institution, expressing our concerns about the conduct of the trial and the integrity of the data. Based on the responses we received from the authors, we continued to have concerns about the validity and integrity of the study, and therefore requested a formal investigation by the authors＊ institution. On March 23, 2009, we received a report from Yun Zhang, MD, PhD, Vice President, Shandong University, and Dean, Shandong University School of Medicine. Dean Yun Zhang indicated that ※it took a long time to make a complete investigation§ because the university ※organized a group of experts in the field of hepatology to investigate the article§ by Cheng et al and these experts ※thoroughly investigated the protocol, ethics, medical records, methods, statistics, results, and conclusions relevant to this article.§ In addition, this investigative group carefully studied the comments of the JAMA editors and reviewers and previous versions of the manuscript reporting the results of this study. The report by the dean indicates the following: ※Based on these investigations, we have drawn the following conclusions: 1. The protocol and ethics of this study were not submitted to the Academic Committee of Shandong University Qilu Hospital for approval. Dr Cheng wrote and submitted this manuscript during his postdoctoral training in Sweden without informing our institution. 2. This study was not a well designed, randomized and controlled clinical trial despite the fact that chemoembolization and radiofrequency ablation for patients with hepatocellular carcinoma have been performed in Shandong University Qilu Hospital for many years. Therefore, conclusions drawn from this study are not valid. 3. Because of these unscientific behaviors, we suggest that the article by Dr Cheng should be withdrawn from JAMA. We apologize for any negative impacts on JAMA caused by publication of this paper. We have submitted a report on this serious issue to the Academic Committee of Shandong University and will keep you informed of further decisions on Cheng＊s mistakes from our university.§ Accordingly, based on this report, we hereby retract this article from JAMA and from the medical literature. We appreciate that readers of JAMA brought their concerns about this article to our attention and their patience in allowing us to investigate, and we are grateful to the dean at Shandong University School of Medicine for the thorough and detailed investigation and professional response to our concerns. The cooperation and professional actions of all involved in this inquiry allowed for a complete investigation. This is an example of how maintaining scientific integrity for published articles requires a team effort by readers, journal editors, and the system of academic oversight.",Editor,2009-05-13 00:00:00,2008-04-09 00:00:00,13.3,Concerns/Issues About Data; Concerns/Issues About Results; Ethical Violations by Author; Investigation by Company/Institution; Investigation by Journal/Publisher;,Data,N,Not reported,Not reported,Y,NCT00479050,2007-05-24 00:00:00,2001-01-01 00:00:00,Hepatocellular carcinoma,Single
599,"Reuben SS, Buvenandran A, Katz B, et al. A prospective randomized trial on the role of perioperative celecoxib administration for total knee arthroplasty: improving clinical outcomes. Anesth Analg. 2008;106:1258每64.",Yes,No,,A prospective randomized trial on the role of perioperative celecoxib administration for total knee arthroplasty: improving clinical outcomes,10.1213/ane.0b013e318165e208.,79,Reuben SS,Anesth Analg,No,"The manuscripts cited below are now retracted. After their publication, the editorial office of Anesthesia & Analgesia was notified by the Baystate Medical Center that their investigation revealed that Dr. Scott Reuben fabricated data reported in the referenced articles, and that all fabricated data were created under the sole control of Dr. Reuben. The following manuscripts were specifically cited, and are hereby withdrawn: 1. Reuben SS, Connelly NR. Postarthroscopic meniscus repair analgesia with intraarticular ketorolac or morphine. Anesth Analg 1996;82:1036 每9 2. Reuben SS, Connelly NR, Maciolek H. Postoperative analgesia with controlled-release oxycodone for outpatient anterior cruciate ligament surgery. Anesth Analg 1999;88:1286 每91 3. Reuben SS, Reuben JP. Brachial plexus anesthesia with verapamil and/or morphine. Anesth Analg 2000;91:379 每 83 4. Reuben SS, Connelly NR. Postoperative analgesic effects of celecoxib or rofecoxib after spinal fusion surgery. Anesth Analg 2000;91:1221每5 5. Reuben SS, Steinberg RB, Maciolek H, Manikantan P. An evaluation of the analgesic efficacy of intravenous regional anesthesia with lidocaine and ketorolac using a forearm versus upper arm tourniquet. Anesth Analg 2002;95:457每 60 6. Reuben SS, Pristas R, Dixon D, Faruqi S, Madabhushi L, Wenner S. The incidence of complex regional pain syndrome after fasciectomy for Dupuytren＊s contracture: a prospective observational study of four anesthetic techniques. Anesth Analg 2006;102:499 每503 7. Reuben SS, Buvanendran A, Kroin JS, Raghunathan K. The analgesic efficacy of celecoxib, pregabalin, and their combination for spinal fusion surgery. Anesth Analg 2006;103:1271每7 8. Reuben SS, Ekman EF, Charron D. Evaluating the analgesic efficacy of administering celecoxib as a component of multimodal analgesia for outpatient anterior cruciate ligament reconstruction surgery. Anesth Analg 2007;105:222每7 9. Reuben SS, Ekman EF. The effect of initiating a preventive multimodal analgesic regimen on long-term patient outcomes for outpatient anterior cruciate ligament reconstruction surgery. Anesth Analg 2007;105:228 每32 10. Reuben SS, Buvenandran A, Katz B, Kroin JS. A prospective randomized trial on the role of perioperative celecoxib administration for total knee arthroplasty: improving clinical outcomes. Anesth Analg 2008;106:1258 每 64 Steven L. Shafer, MD Editor-in-Chief Anesthesia & Analgesia sshafer@anesthesia-analgesia.org DOI: 10.1213/01.ane.0000346785.39457.f4",Editor,2009-04-01 00:00:00,2008-04-01 00:00:00,12.16666667,Criminal Proceedings; Ethical Violations by Author; Falsification/Fabrication of Data; Lack of Approval from Company/Institution;,Data,N,Not reported,Industry,N,,,,Total knee arthroplasty,Not reported
600,"Reuben SS, Connelly NR. Postoperative analgesic effects of celecoxib or rofecoxib after spinal fusion surgery. Anesth Analg. 2000;91:1221每5.",Yes,No,,Postoperative analgesic effects of celecoxib or rofecoxib after spinal fusion surgery,10.1097/00000539-200011000-00032.,362,Reuben SS,Anesth Analg,No,"The manuscripts cited below are now retracted. After their publication, the editorial office of Anesthesia & Analgesia was notified by the Baystate Medical Center that their investigation revealed that Dr. Scott Reuben fabricated data reported in the referenced articles, and that all fabricated data were created under the sole control of Dr. Reuben. The following manuscripts were specifically cited, and are hereby withdrawn: 1. Reuben SS, Connelly NR. Postarthroscopic meniscus repair analgesia with intraarticular ketorolac or morphine. Anesth Analg 1996;82:1036 每9 2. Reuben SS, Connelly NR, Maciolek H. Postoperative analgesia with controlled-release oxycodone for outpatient anterior cruciate ligament surgery. Anesth Analg 1999;88:1286 每91 3. Reuben SS, Reuben JP. Brachial plexus anesthesia with verapamil and/or morphine. Anesth Analg 2000;91:379 每 83 4. Reuben SS, Connelly NR. Postoperative analgesic effects of celecoxib or rofecoxib after spinal fusion surgery. Anesth Analg 2000;91:1221每5 5. Reuben SS, Steinberg RB, Maciolek H, Manikantan P. An evaluation of the analgesic efficacy of intravenous regional anesthesia with lidocaine and ketorolac using a forearm versus upper arm tourniquet. Anesth Analg 2002;95:457每 60 6. Reuben SS, Pristas R, Dixon D, Faruqi S, Madabhushi L, Wenner S. The incidence of complex regional pain syndrome after fasciectomy for Dupuytren＊s contracture: a prospective observational study of four anesthetic techniques. Anesth Analg 2006;102:499 每503 7. Reuben SS, Buvanendran A, Kroin JS, Raghunathan K. The analgesic efficacy of celecoxib, pregabalin, and their combination for spinal fusion surgery. Anesth Analg 2006;103:1271每7 8. Reuben SS, Ekman EF, Charron D. Evaluating the analgesic efficacy of administering celecoxib as a component of multimodal analgesia for outpatient anterior cruciate ligament reconstruction surgery. Anesth Analg 2007;105:222每7 9. Reuben SS, Ekman EF. The effect of initiating a preventive multimodal analgesic regimen on long-term patient outcomes for outpatient anterior cruciate ligament reconstruction surgery. Anesth Analg 2007;105:228 每32 10. Reuben SS, Buvenandran A, Katz B, Kroin JS. A prospective randomized trial on the role of perioperative celecoxib administration for total knee arthroplasty: improving clinical outcomes. Anesth Analg 2008;106:1258 每 64 Steven L. Shafer, MD Editor-in-Chief Anesthesia & Analgesia sshafer@anesthesia-analgesia.org DOI: 10.1213/01.ane.0000346785.39457.f4",Editor,2009-04-01 00:00:00,2000-11-01 00:00:00,102.4333333,Criminal Proceedings; Ethical Violations by Author; Falsification/Fabrication of Data; Lack of Approval from Company/Institution;,Data,N,Not reported,Institution,N,,,,Spinal fusion surgery,Not reported
612,"Pins JJ, Keenan JM. Effects of whey peptides on cardiovascular disease risk factors. J Clin Hypertens (Greenwich). 2006;8:775每82.",Yes,No,,Effects of whey peptides on cardiovascular disease risk factors,10.1111/j.1524-6175.2006.05667.x.,129,Pins JJ,J Clin Hypertens (Greenwich),No,"The above article from the Journal of Clinical Hypertension, published online on 31 January 2007 in Wiley Online Library (wileyonlinelibrary.com), and in Volume 8, Issue 11, pp. 775-782, DOI: 10.1111/j.1524-6175.2006.05667.x, has been retracted by agreement between the journal Editor-in-Chief, Marvin Moser, and Wiley Periodicals, Inc. The retraction has been agreed upon due to the finding of the University of Minnesota that Mr Pins committed academic misconduct by falsifying data in the paper and misrepresenting his degree credent",Editor,2008-08-01 00:00:00,2006-11-01 00:00:00,21.3,Falsification/Fabrication of Data; Investigation by Company/Institution; Misconduct - Official Investigation/Finding; Misconduct by Author;,Data,N,Not reported,Institution,N,,,,Cardiovascular disease,Not reported
623,"Bilgen H, ?zek E, Cebeci D, et al. Comparison of sucrose, expressed breast milk, and breast-feeding on the neonatal response to heel prick. J Pain. 2001;2:301每5.",Yes,No,,"Comparison of sucrose, expressed breast milk, and breast-feeding on the neonatal response to heel prick",10.1054/jpai.2001.23140.,119,Bilgen H,J Pain,No,"This notification will serve as retraction of ※Comparison of sucrose, expressed breast milk, and breast-feeding on the neonatal response to heel prick§ by Bilgen et al, which appeared in the October 2001 issue of The Journal of Pain (2:301每305, 2001). It has come to our attention that data from this manuscript was published previously in the European Journal of Pediatrics (※Comparison of sucrose and human milk on pain response in newborns§ by Ors et al, Eur J Pediatr, 158:63每66, 1999), and thus we announce an official retraction. Anyone citing this article must cite from the European Journal of Pediatrics and not from The Journal of Pain. We regret any inconvenience that this retraction might cause to our readers.",Editor,2003-08-29 00:00:00,2001-10-02 00:00:00,23.2,Duplicate Publication through Error by Journal/Publisher;,N,N,Not reported,Not reported,N,,,,The neonatal response to heel prick,Single
648,"Aflatoonian A, Oskouian H, Ahmadi S, et al. Can fresh embryo transfers be replaced by cryopreserved-thawed embryo transfers in assisted reproductive cycles? A randomized controlled trial. J Assist Reprod Genet. 2010;27:357每63.",Yes,No,,Can fresh embryo transfers be replaced by cryopreserved-thawed embryo transfers in assisted reproductive cycles? A randomized controlled trial,10.1007/s10815-010-9412-9.,186,Aflatoonian A,J Assist Reprod Genet,No,"This article has been retracted at the request of the Editor and the ASRM Publications Committee, based on the results of an investigation which found serious methodological flaws in the study.",Editor,2013-08-23 00:00:00,2010-04-06 00:00:00,41.16666667,Duplication of Article; Error in Methods; Euphemisms for Duplication; Investigation by Journal/Publisher;,N,N,Not reported,Not reported,Y,NCT00823121,2009-01-14 00:00:00,2008-08-01 00:00:00,Assisted reproductive cycles,Multiple
652,"Iwamoto J, Takeda T, Sato Y, et al. Effect of whole-body vibration exercise on lumbar bone mineral density, bone turnover, and chronic back pain in post-menopausal osteoporotic women treated with alendronate. Aging Clin Exp Res. 2005;17:157每63.",Yes,No,,"Effect of whole-body vibration exercise on lumbar bone mineral density, bone turnover, and chronic back pain in post-menopausal osteoporotic women treated with alendronate",10.1007/BF03324589.,249,Iwamoto J,Aging Clin Exp Res,No,"The Editor-in-Chief has retracted this article [1] because an investigation by Keio University has concluded that there are inaccuracies in the data reported. As this research was conducted 15 years ago the original data are not available for verifcation. Therefore the Editor-in-Chief no longer has confdence in this article. The investigation by Keio University also established that Yoshihiro Sato was inappropriately listed as an author on this article. Jun Iwamoto, Tsuyoshi Takeda agree with the retraction. Mitsuyoshi Uzawa has not responded to any correspondence with regards to this retraction. Yoshihiro Sato is deceased.",Editor,2019-10-22 00:00:00,2005-04-01 00:00:00,177.2333333,Concerns/Issues About Authorship; Investigation by Company/Institution; Misconduct - Official Investigation/Finding; Misconduct by Author; Original Data not Provided; Unreliable Data;,Data,N,Not reported,Not reported,N,,,,Post-menopausal osteoporotic,Single
683,"DeTayrac R, Deffieux X, Droupy S, et al. A prospective randomized trial comparing tension-free vaginal tape and transobturator suburethral tape for surgical treatment of stress urinary incontinence. Am J Obstet Gynecol. 2004;190:602每8.",Yes,No,,A prospective randomized trial comparing tension-free vaginal tape and transobturator suburethral tape for surgical treatment of stress urinary incontinence,10.1016/j.ajog.2003.09.070.,406,DeTayrac R,Am J Obstet Gynecol,No,"The article titled ※A prospective randomized trial comparing tension-free vaginal tape and transobturator suburethral tape for surgical treatment of stress urinary incontinence§ was published in March 2004 (Am J Obstet Gynecol 2004;190:602-8).1 On July 15, 2004, the authors, Renaud deTayrac and Herv谷 Fernandez, submitted a written request for retraction of their article acknowledging a failure in their duty to obtain proper ethics review and approval before conducting the study. In the submission documents that accompanied the manuscript and in the manuscript itself, the authors stated ※Ethical approval was obtained form the local committee,§ when in fact their study had not been approved by the only French committee (Consultative Committee for Patients Protection in Biomedical Research) authorized to give ethics approval. Their statements misled our reviewers, editors, and readers. In accordance with the published guidelines of the Journal,2 the initial inquiry process was conducted. The inquiry committee concluded that the authors' violation of the ethical standards for conducting human research did represent an inappropriate act in the publication process. The Committee also found that the authors committed the same violation in the second article recently published (Risk of urge and stress urinary incontinence at long-term follow-up after vaginal hysterectomy. Am J Obstet Gynecol 2004;191:90-4).3 Again, the authors stated in the manuscript and submission materials that ethics approval was obtained for this postsurgical survey study. Again, their failure to obtain appropriate ethical review and approval (or formal notice of exemption) as required by French law represents a serious breach of the basic principles of scientific human research and warrants the retraction of this article also. Human research and the integrity of the scientific process demand the unbiased review and approval by a certified ethical review committee on human investigation2, 4 before research is conducted and, nearly always, fully informed consent by the study participant before she/he is enrolled in the study. Failure to fulfill wither of these requirements disallows the research and therefore, these two articles published by the authors1, 2 must be retracted. To their credit the authors volunteered this information to the Journal and requested retraction of the articles. However, this was well after publication and their acts still undermine the integrity of the scientific publication process. The authors are reprimanded for their inappropriate acts in the research and publication process. We cannot overemphasize the responsibility and duty of all scientific investigators when conducting human research. We hope readers will look upon this notice and these retractions as evidence of the Journal's commitment to the safety of and respect for study participants who volunteer for the benefit of science and future patients.",Author,2005-02-01 00:00:00,2004-03-01 00:00:00,11.23333333,Ethical Violations by Author; Investigation by Journal/Publisher; Lack of IRB/IACUC Approval;,N,N,Not reported,Not reported,N,,,,Stress urinary incontinence,Not reported
694,"Rachmani R, Slavachevsky I, Amit M, et al. The effect of spironolactone, cilazapril and their combination on albuminuria in patients with hypertension and diabetic nephropathy is independent of blood pressure reduction: a randomized controlled study. Diabet Med. 2004;21:471每5.",Yes,No,,"The effect of spironolactone, cilazapril and their combination on albuminuria in patients with hypertension and diabetic nephropathy is independent of blood pressure reduction: a randomized controlled study",10.1111/j.1464-5491.2004.01194.x.,199,Rachmani R,Diabet Med,No,"Rachmani R, Slavachevsky I, Amit M, Levi Z, Kedar Y, Berla M, Ravid M. The effect of spironolactone, cilazapril and their combination on albuminuria in patients with hypertension and diabetic nephropathy is independent of blood pressure reduction: a randomized controlled study. Diabetic Medicine 2004;21:471每475. Diabetic Medicine has been advised by the Chief Executive Officer of the Mair Medical Center that the above study, done in collaboration with the Sackler University of Tel Aviv, has raised concerns over ethical conduct and security of findings. Specifically, a local investigatory committee found that ethical permission was only given approximately 3 months after Diabetic Medicine accepted the paper for publication. In addition, whilst the investigatory committee believed that the research had been undertaken, they were unable to access research records and thus confirm the results, even though the study was conducted as recently as 2001. In these circumstances, Diabetic Medicine regrets publication of the article, and suggests that its readers treat its findings with caution. The senior author has been advised of our wish to have the article retracted and has made a statement of confidence in the findings.",Editor,2006-06-28 00:00:00,2004-04-16 00:00:00,26.76666667,Ethical Violations by Author; Investigation by Company/Institution; Lack of Approval from Third Party;,N,N,Not reported,Institution,N,,,,Hypertension and diabetic nephropathy,Single
711,"Estruch R, Ros E, Salas-Salvad車 J, et al. Primary prevention of cardiovascular disease with a Mediterranean diet. N Engl J Med. 2013;368:1279每90.",Yes,No,,Primary prevention of cardiovascular disease with a Mediterranean diet,10.1056/NEJMoa1200303.,5984,Estruch R,N Engl J Med,Yes,"To the Editor: Because of irregularities in the randomization procedures, we wish to retract the following article: Primary Prevention of Cardiovascular Disease with a Mediterranean Diet. N Engl J Med 2013;368:1279-90. DOI: 10.1056/NEJMoa1200303.1 We have reanalyzed the data and have published a new report: Primary Prevention of Cardiovascular Disease with a Mediterranean Diet Supplemented with Extra-Virgin Olive Oil or Nuts. N Engl J Med. DOI: 10.1056/NEJMoa1800389.2",Author,2018-06-13 00:00:00,2013-04-04 00:00:00,63.2,Error in Analyses; Error in Methods; Error in Results and/or Conclusions; Retract and Replace;,N,N,Not reported,Institution,Y,ISRCTN35739639,09/02/2005,10/01/2003,Cardiovascular disease,Multiple
726,"Nada AM, Shafeek MM, El Maraghy MA, et al. Antenatal corticosteroid administration before elective caesarean section at term to prevent neonatal respiratory morbidity: a randomized controlled trial. Eur J Obstet Gynecol Reprod Biol. 2016;199:88每91.",Yes,No,,Antenatal corticosteroid administration before elective caesarean section at term to prevent neonatal respiratory morbidity: a randomized controlled trial,10.1016/j.ejogrb.2016.01.026.,68,Nada AM,Eur J Obstet Gynecol Reprod Biol,No,"This article has been retracted at the request of the Editor-in-Chief. The?editorial board has raised?concerns regarding?the integrity of?this paper and?remaining in the public domain. It is by far the largest trial of corticosteroids for this indication, overwhelming other similar trials in Cochrane and other systematic reviews and is likely leading to widespread prescription of this drug, which may have serious side effects on fetal brain development.?If the data is?unreliable, women and babies are being harmed. As we have not received the original dataset or a satisfactory response from Dr Nada for an explanation regarding our concerns after giving them a month to respond, we have decided to retract this paper.>",Editor,2022-05-04 00:00:00,2016-02-08 00:00:00,75.9,Concerns/Issues About Data; Date of Retraction/Other Unknown; Original Data not Provided; Withdrawal;,Data,N,Not reported,Not reported,N,,,,Elective caesarean section,Single
727,"Kumar A, Begum N, Prasad S, et al. Oral dydrogesterone treatment during early pregnancy to prevent recurrent pregnancy loss and its role in modulation of cytokine production: a double-blind, randomized, parallel, placebo-controlled trial. Fertil Steril. 2014;102:1357-63.",Yes,No,,"Oral dydrogesterone treatment during early pregnancy to prevent recurrent pregnancy loss and its role in modulation of cytokine production: a double-blind, randomized, parallel, placebo-controlled trial",10.1016/j.fertnstert.2014.07.1251.,138,Kumar A,Fertil Steril,No,"This?article?has been?retracted?at the request of the ASRM Publications Committee. The Committee reviewed concerns related to the accuracy of data reported in Table?2 and the authors acknowledged significant errors that could not be corrected because they were unable to provide the?original data. As the Committee cannot vouch for the accuracy of the data, we have issued a retraction of this article.",Editor,2023-02-28 00:00:00,2014-09-17 00:00:00,102.8666667,Error in Data; Original Data not Provided;,Data,N,Not reported,Institution,Y,CTRI/2010/091/000373,,,Recurrent pregnancy,Multiple
728,"Scabini S, Rimini E, Romairone E, et al. Colon and rectal surgery for cancer without mechanical bowel preparation: one-center randomized prospective trial. World J Surg Oncol. 2010, 30:8:35.",Yes,No,,Colon and rectal surgery for cancer without mechanical bowel preparation: one-center randomized prospective trial,10.1186/1477-7819-8-35.,68,Scabini S,World J Surg Oncol,No,The authors have retracted this article [1] because it contains large portions of text that have been duplicated from another article previously published in Annals of Surgery[2]. The authors apologise to the Editors and readers as well as the authors of the original article.,Author,2012-09-18 00:00:00,2010-04-30 00:00:00,29.06666667,Euphemisms for Plagiarism; Plagiarism of Article;,N,N,Not reported,Not reported,N,,,,Colon and rectal surgery for cancer,Single
729,"Niederhofer H, Staffen W. Acamprosate and its efficacy in treating alcohol dependent adolescents. 2003, 12(3):144-8.",Yes,No,,Acamprosate and its efficacy in treating alcohol dependent adolescents,10.1007/s00787-003-0327-1.,78,Niederhofer H,,No,This article has been retracted due to copyright violation.,Unclear,2012-11-06 00:00:00,2003-05-26 00:00:00,115.0666667,Copyright Claims; Duplication of Text;,N,N,Not reported,Not reported,N,,,,Alcohol dependent,Single
742,"Fujii Y, Saitoh Y, Tanaka H, et al. Comparison of ramosetron and granisetron for preventing postoperative nausea and vomiting after gynecologic surgery. Anesth Analg. 1999;89:476每9.",Yes,No,,Comparison of ramosetron and granisetron for preventing postoperative nausea and vomiting after gynecologic surgery,10.1097/00000539-199908000-00043.,74,Fujii Y,Anesth Analg,No,"The editor in chief of?Anesthesia & Analgesia?requests the retraction of the article ※Comparison of ramosetron and granisetron for preventing postoperative nausea and vomiting after gynecologic surgery§ by Y. Fujii, Y. Saitoh, H. Tanaka, and H. Toyooka (Anesthesia & Analgesia, August 1999, volume 89, pages 476每479). Please see Editor＊s Note: Notices of Retraction on page 739 in the A&A March 2013 issue.",Editor,2013-03-01 00:00:00,1999-08-01 00:00:00,165.3666667,Falsification/Fabrication of Data; Investigation by Company/Institution; Investigation by Third Party; Misconduct - Official Investigation/Finding; Misconduct by Author;,Data,N,Not reported,Not reported,N,,,,Postoperative nausea and vomiting,Not reported
771,"Zolfaghari M, Mousavifar SA, Pedram S, et al. The impact of nurse short message services and telephone follow-ups on diabetic adherence: which one is more effective? J Clin Nurs. 2012;21:1922每31.",Yes,No,,The impact of nurse short message services and telephone follow-ups on diabetic adherence: which one is more effective?,10.1111/j.1365-2702.2011.03951.x.,167,Zolfaghari M,J Clin Nurs,No,"The above article from Journal of Clinical Nursing, ＆The impact of nurse short message services and telephone follow-ups on diabetic adherence: which one is more effective?＊ by Zolfaghari, M., Mousavifar, S. A., Pedram, S., and Haghani, H. published online on 13 January 2012 in Wiley Online Library (wileyonlinelibrary.com) and in Volume 21, pp. 1922每1931, has been retracted by agreement of the journal Editor in Chief, Prof Debra Jackson, and John Wiley & Sons Ltd. The article has been retracted because, unknown to the author(s), a similar article had been published in the Iranian Journal of Diabetes and Obesity in 2009. The article had also been published in the Journal of Diabetes and Metabolic Disorders when the authors realized the duplicate publication and requested retraction of the article from the Journal of Diabetes and Metabolic Disorders. The authors did not request retraction from the Journal of Clinical Nursing as it was felt the version of the paper differed enough to the original publication. The Journal of Clinical Nursing Editor(s) disagreed and the authors have agreed with retraction of the article from the Journal of Clinical Nursing.",Editor,2016-06-01 00:00:00,2012-01-13 00:00:00,53.36666667,Duplication of Article;,N,N,Not reported,Not reported,N,,,,Diabetic adherence,Single
800,"Badawy A, Mosbah A, Shady M. Anastrozole or letrozole for ovulation induction in clomiphene-resistant women with polycystic ovarian syndrome: a prospective randomized trial. Fertil Steril. 2008 May;89(5):1209-1212.",Yes,No,,Anastrozole or letrozole for ovulation induction in clomiphene-resistant women with polycystic ovarian syndrome: a prospective randomized trial,10.1016/j.fertnstert.2007.05.010.,114,Badawy A,Fertil Steril,No,"This article has been retracted: please see Elsevier Policy on Article Withdrawal (https://www.elsevier.com/about/our-business/policies/article-withdrawal). This article has been retracted at the request of the ASRM Publications Committee. Several reports of randomized clinical trials were recently the subject of an investigation conducted by the publications committee of the ASRM. The committee reviewed concerns related to the validity of data reported in those reports. The committee noted significant duplication of data reported in this manuscript with data reported in another report (PMID: 19732888; https://doi.org/10.1016/j.fertnstert.2009.07.985) pertaining to a different study group that could not be explained. As we cannot vouch for the validity of the data, we have issued a retraction of this paper.",Editor,2020-09-08 00:00:00,2007-08-08 00:00:00,159.3333333,Duplication of Data; Investigation by Third Party;,Data,N,Not reported,Not reported,N,,,,Polycystic ovarian syndrome,Multiple
821,"Shiga Microalbuminuria Reduction Trial (SMART) Group, Uzu T, Sawaguchi M, Maegawa H, Kashiwagi A. Reduction of microalbuminuria in patients with type 2 diabetes: the Shiga Microalbuminuria Reduction Trial (SMART). Diabetes Care. 2007;30(6):1581-1583.",Yes,No,,Reduction of microalbuminuria in patients with type 2 diabetes: the Shiga Microalbuminuria Reduction Trial (SMART),10.2337/dc06-2493.,66,Shiga Microalbuminuria Reduction Trial (SMART) Group,Diabetes Care,No,"Based on the review and recommendation of the American Diabetes Association's Subcommittee on Ethical Scientific Publications (ESP), Diabetes Care formally retracts the above-cited article. For reasons described below, the published data are considered to be unreliable. According to an investigation and analysis of the data conducted by Shiga University of Medical Science (report received 25 November 2013), 10.1% of the albumin-to-creatinine ratio (ACR) data reported in the article did not match original patient records. In the valsartan and amlodipine groups, respectively, 12.5% and 8.1% of the ACR data reported in the article differed from patient records. Close examination of these differences showed that ACR values reported for the valsartan group were smaller, and those for the amlodipine group were larger, than values reported in patient records; these differences ""worked to the advantage of valsartan."" The investigative panel of Shiga University of Medical Science concluded that the above-cited article is ""inappropriate for [a] scientific paper.""",Editor,2014-03-01 00:00:00,2007-06-01 00:00:00,82.16666667,Concerns/Issues about Referencing/Attributions; Falsification/Fabrication of Data; Investigation by Company/Institution; Unreliable Results;,Data,N,Not reported,Not reported,Y,NCT00202618,2005-09-12 00:00:00,2003-12-01 00:00:00,Type 2 diabetes,Not reported
824,"Fujii Y, Tanaka H, Toyooka H. Reduction of postoperative nausea and vomiting with granisetron. Can J Anaesth. 1994;41(4):291-294.",Yes,No,,Reduction of postoperative nausea and vomiting with granisetron,10.1007/BF03009906.,69,Fujii Y,Can J Anaesth,No,"The following articles are being retracted as a result of: 1. Overwhelming evidence of fabrication, related to the fact that the distributions of many variables reported by Dr Fujii in these studies could not have occurred by chance; 1 2 and 2. The inability of Dr Fujii's institutions to attest to the integrity of the study and/or its data conducted under their auspices, as set out in the Joint Editors-in-Chief Request for Determination of April 9, 2012.3 Fujii Y, Toyooka H, Tanaka H. Granisetron reduces the incidence of nausea and vomiting after middle ear surgery. Br J Anaesth 1997; 79: 539每40 (doi:10.1093/bja/79.4.539) Fujii Y, Toyooka H, Tanaka H. Prevention of postoperative nausea and vomiting in female patients during menstruation: comparison of droperidol, metoclopramide and granisetron. Br J Anaesth 1998; 80: 248每9 (doi:10.1093/bja/80.2.248) Fujii Y, Toyooka H, Tanaka H. Granisetron in the prevention of nausea and vomiting after middle-ear surgery: a dose-ranging study. Br J Anaesth 1998; 80: 764每6 (doi:10.1093/bja/80.6.764) Fujii Y, Toyooka H, Tanaka H. Granisetron-droperidol combination for the prevention of postoperative nausea and vomiting in female patients undergoing breast surgery. Br J Anaesth 1998; 81: 387每9 (doi:10.1093/bja/81.3.387) Fujii Y, Toyooka H, Tanaka H. Oral granisetron prevents postoperative vomiting in children. Br J Anaesth 1998; 81: 390每2 (doi:10.1093/bja/81.3.390) Fujii Y, Saitoh Y, Tanaka H, Toyooka H. Prophylactic antiemetic therapy with granisetron in women undergoing thyroidectomy. Br J Anaesth 1998; 81: 526每8 (doi:10.1093/bja/81.4.526) Fujii Y, Toyooka H, Tanaka H. Prophylactic antiemetic therapy with a combination of granisetron and dexamethasone in patients undergoing middle ear surgery. Br J Anaesth 1998; 81: 754每6 (doi:10.1093/bja/81.5.754) Saitoh Y, Narumi Y, Fujii Y, Ueki M, Makita K. Electromyographic assessment of neuromuscular block at the gastrocnemius muscle. Br J Anaesth 1999; 82: 329每32 (doi:10.1093/bja/82.3.329) Saitoh Y, Narumi Y, Fujii Y, Ueki M. Tactile evaluation of fade of the train-of-four and double-burst stimulation using the anaesthetist's non-dominant hand. Br J Anaesth 1999; 83: 275每8 (doi:10.1093/bja/83.2.275) Saitoh Y, Narumi Y, Fujii Y. Post-tetanic count and train-of-four responses during neuromuscular block produced by vecuronium and infusion of nicardipine. Br J Anaesth 1999; 83: 340每2 (doi:10.1093/bja/83.2.340) Fujii Y, Toyooka H. Midazolam versus propofol for reducing contractility of fatigued canine diaphragm. Br J Anaesth 2001; 86: 879每81 (doi:10.1093/bja/86.6.880)",Editor,2012-11-27 00:00:00,1994-04-01 00:00:00,227.1666667,Falsification/Fabrication of Data; Investigation by Company/Institution; Investigation by Third Party; Misconduct - Official Investigation/Finding; Misconduct by Author; Upgrade/Update of Prior Notice;,Data,N,Not reported,Not reported,N,,,,Postoperative nausea and vomiting,Not reported
831,"Reuben SS, Makari-Judson G, Lurie SD. Evaluation of efficacy of the perioperative administration of venlafaxine XR in the prevention of postmastectomy pain syndrome. J Pain Symptom Manage. 2004;27(2):133-139.",Yes,No,,Evaluation of efficacy of the perioperative administration of venlafaxine XR in the prevention of postmastectomy pain syndrome,10.1016/j.jpainsymman.2003.06.004.,146,Reuben SS,J Pain Symptom Manage,No,"Reuben SS, Makari-Judson G, Lurie SD. Evaluation of efficacy of the perioperative administration of venlafaxine XR in the prevention of postmastectomy pain syndrome. J Pain Symptom Manage 2004;27(2):131每137. This article has been retracted because investigation has determined that it contains fabricated data.",Editor,2009-05-01 00:00:00,2004-02-06 00:00:00,63.7,Criminal Proceedings; Falsification/Fabrication of Data; Investigation by Company/Institution; Investigation by Third Party; Misconduct - Official Investigation/Finding; Misconduct by Author;,Data,N,Not reported,Institution,N,,,,Postmastectomy pain syndrome,Not reported
843,"Roehm KD, Piper SN, Maleck WH, et al. Prevention of propofol-induced injection pain by remifentanil: a placebo-controlled comparison with lidocaine. Anaesthesia. 2003;58(2):165-170.",Yes,No,,Prevention of propofol-induced injection pain by remifentanil: a placebo-controlled comparison with lidocaine,10.1046/j.1365-2044.2003.02964_2.x.,92,Roehm KD,Anaesthesia,No,"The following article from Anaesthesia, ＆Prevention of propofol-induced injection pain by remifentanil: a placebo-controlled comparison with lidocaine, by Roehm KD, Piper SN, Maleck WH, Boldt J, published online in Wiley Online Library (http://onlinelibrary.wiley.com/doi/10.1046/j.1365-2044.2003.02964_2.x/abstract) on 23 Sept 2008 and in Volume 58 (2003), Number 2, pages 165每170, has been retracted by agreement between the Journal Editor-in-Chief, Steve Yentis, and Blackwell Publishing Ltd. The retraction is based on the determination by Landes?rztekammer Rheinland-Pfalz (the State Medical Association of Rheinland-Pfalz, Germany) that the study did not have ethical approval or advice, as required by law.",Editor,2011-06-21 00:00:00,2003-02-01 00:00:00,102.0666667,Investigation by Company/Institution; Investigation by Third Party; Lack of IRB/IACUC Approval; Misconduct - Official Investigation/Finding; Misconduct by Author;,N,N,Not reported,Not reported,N,,,,Propofol-induced injection pain,Not reported
847,"Ahimastos AA, Lawler A, Reid CM, et al. Brief communication: ramipril markedly improves walking ability in patients with peripheral arterial disease: a randomized trial. Ann Intern Med. 2006;144(9):660-664.",Yes,No,,Brief communication: ramipril markedly improves walking ability in patients with peripheral arterial disease: a randomized trial,10.7326/0003-4819-144-9-200605020-00009.,134,Ahimastos AA,Ann Intern Med,No,"Following admission of data fabrication by the first author, Anna Ahimastos, in a similar study of ramipril for patients with peripheral arterial disease (1), Baker IDI Heart and Diabetes Institute conducted an independent investigation of the trial, published in Annals in 2006 (2). Based on that investigation and our own analysis, we, the undersigned authors, wish to retract this article due to an inability to adequately validate primary data sources. Dr. Ahimastos maintains the integrity of the data and validity of reported results and has declined to answer additional questions. The investigation did not find culpability on our part, and we apologize unreservedly to the editors, reviewers, and readers of Annals of Internal Medicine. Given the clinical indications for ramipril and other angiotensin-converting enzyme inhibitors, we believe there is no risk that these possibly invalid trial data harmed trial participants or patients with peripheral arterial disease taking ramipril. Editor's Note: The above-named authors agreed to this retraction. Attempts on the part of the journal office to obtain input regarding this retraction from Dr. Ahimastos, first author of the retracted article, were unsuccessful.",Editor,2006-05-02 00:00:00,2006-05-02 00:00:00,0,Falsification/Fabrication of Data; Investigation by Company/Institution; Misconduct - Official Investigation/Finding; Misconduct by Author;,Data,N,Not reported,Institution,Y,NCT00168467,2005-09-09 00:00:00,,Peripheral arterial disease,Single
849,"Steenbergen L, Sellaro R, Stock AK, et al. Transcutaneous vagus nerve stimulation (tVNS) enhances response selection during action cascading processes. Eur Neuropsychopharmacol. 2015;25(6):773-778.",Yes,No,,Transcutaneous vagus nerve stimulation (tVNS) enhances response selection during action cascading processes,10.1016/j.euroneuro.2015.03.015.,136,Steenbergen L,Eur Neuropsychopharmacol,No,"This article has been retracted: please see Elsevier Policy on Article Withdrawal (https://www.elsevier.com/about/our-business/policies/article-withdrawal). This retraction comes after a thorough and time-consuming analysis of the published article and the data it reports, following an investigation from the University of Leiden. On date 15th November 2021 European Neuropsychopharmacology received advice from University of Leiden, containing allegations of misconduct concerning the data reported in this article. Due to the nature of the concerns raised about this paper, the Editor-in-Chief examined all documents provided, all aspects of the peer review and editorial process and requested the view of each of the authors. The Editor-in-Chief wishes to acknowledge the co-operation of all parties. The Editor-in-Chief considers that there is a legitimate cause for concern regarding deletion of participants from datasets. The Editor-in-Chief commends the authors for their willingness in participating in this dialogue. However, given the concerns raised, the suggestion of the University of Leiden, and the view expressed by some of the authors, Retraction of this paper is inevitable. The Editor-in-Chief and the entire editorial board will use this case as a reminder to be as diligent as possible in the peer review process and to support transparency and openness in data sharing.",Editor,2022-08-26 00:00:00,2015-03-30 00:00:00,90.2,Concerns/Issues About Data; Investigation by Company/Institution; Investigation by Journal/Publisher;,Data,N,Not reported,Institution,N,,,,Transcutaneous vagus nerve stimulation,single
933,"Grossarth-Maticek R, Eysenck HJ. Length of survival and lymphocyte percentage in women with mammary cancer as a function of psychotherapy. Psychol Rep. 1989;65(1):315-321.",Yes,No,,Length of survival and lymphocyte percentage in women with mammary cancer as a function of psychotherapy,10.2466/pr0.1989.65.1.315.,66,Grossarth-Maticek R,Psychol Rep,No,"The following articles have been retracted following the results of King＊s College London's review of certain publications authored by Hans J. Eysenck with Ronald Grossarth-Maticek on the subject of personality and health outcomes. The King＊s College London review committee recommended that the articles in their review be retracted due to finding they are unsafe, specifically noting the following: ?	 Concerns with the validity of the datasets, including the ※recruitment of participants, administration of measures, reliability of outcome ascertainment, biases in data collection, absence of relevant covariates, and selection of cases analysed in each article.§ ?	 The results reported by Eysenck and Grossarth-Maticek were implausible and incompatible with modern clinical science and the understanding of disease processes. The editor determined several other articles by the authors that describe the same body of research should also be retracted based on the King＊s College London report findings, and these articles are additionally listed below. The King's College report is available here: https://www.kcl.ac.uk/news/statements/hans-eysenck 1.	 Grossarth-Maticek, R., & Eysenck, H. J. (1989). Is Media Information That Smoking Causes Illness a Self-Fulfilling Prophecy? Psychological Reports, 65(1), 177每178. https://doi.org/10.2466/pr0.1989.65.1.177 2.	 Grossarth-Maticek, R., & Eysenck, H. J. (1989). Length of Survival and Lymphocyte Percentage in Women with Mammary Cancer as a Function of Psychotherapy. Psychological Reports, 65(1), 315每321. https://doi.org/10.2466/pr0.1989.65.1.315 3.	 Grossarth-Maticek, R., & Eysenck, H. J. (1990). Personality, Stress and Disease: Description and Validation of a New Inventory. Psychological Reports, 66(2), 355每373. https://doi.org/10.2466/pr0.1990.66.2.355 4.	 Grossarth-Maticek, R., & Eysenck, H. J. (1990). Personality, Smoking, and Alcohol as Synergistic Risk Factors for Cancer of the Mouth and Pharynx. Psychological Reports, 67(3), 1024每1026. https://doi.org/10.2466/pr0.1990.67.3.1024 5.	 Grossarth-Maticek, R., & Eysenck, H. J. (1991). Coca-Cola, Cancers, and Coronaries: Personality and Stress as Mediating Factors. Psychological Reports, 68(3_suppl), 1083每1087. https://doi.org/10.2466/pr0.1991.68.3c.1083 6.	 Grossarth-Maticek, R., & Eysenck, H. J. (1991). Personality, Stress, and Motivational Factors in Drinking as Determinants of Risk for Cancer and Coronary Heart Disease. Psychological Reports, 69(3), 1027每1043. https://doi.org/10.2466/pr0.1991.69.3.1027 7.	 Maticek, R., Eysenck, H. J., & Boyle, G. J. (1995). Alcohol Consumption and Health: Synergistic Interaction with Personality. Psychological Reports, 77(2), 675每687. https://doi.org/10.2466/pr0.1995.77.2.675 8.	 Grossarth-Maticek, R., Eysenck, H.-J., & Barrett, P. T. (1993). Prediction of cancer and coronary heart disease as a function of method of questionnaire administration. Psychological Reports, 73(3, Pt 1), 943每959. https://doi.org/10.2466/pr0.1993.73.3.943 9.	 Eysenck, H. J. (1993). Prediction of Cancer and Coronary Heart Disease Mortality by Means of a Personality Inventory: Results of a 15-Year Follow-up Study. Psychological Reports, 72(2), 499每516. https://doi.org/10.2466/pr0.1993.72.2.499 [Not referenced in King＊s College Report but discusses the same body of research]. 10.	 Eysenck, H. J. (1995). Does Smoking Really Kill Anybody? Psychological Reports, 77(3_suppl), 1243每1246. https://doi.org/10.2466/pr0.1995.77.3f.1243 [Not referenced in King＊s College Report but discusses the same body of research].",Editor,2020-02-10 00:00:00,1989-08-01 00:00:00,371.6666667,Concerns/Issues About Data; Investigation by Company/Institution;,Data,N,Not reported,Not reported,N,,,,Terminal mammary cancer,Not reported
935,"Zolfaghari M, Mousavifar SA, Haghani H. Mobile phone text messaging and Telephone follow-up in type 2 diabetic patients for 3 months: a comparative study. J Diabetes Metab Disord. 2012;11(1):7.",Yes,No,,Mobile phone text messaging and Telephone follow-up in type 2 diabetic patients for 3 months: a comparative study,10.1186/2251-6581-11-7.,66,Zolfaghari M,J Diabetes Metab Disord,No,"This article [1] has been retracted as it has already been published in the Iranian Journal of Diabetes and Obesity [2]. References Zolfaghari M, Mousavifar SA, Haghani H: Mobile phone text messaging and Telephone follow-up in type 2 diabetic patients for 3 months: a comparative study. J Diabetes & Metabolic Disorders 2012, 11: 7. Article Google Scholar Zolfaghari M, Mousavifar SA, Pedram S: Mobile Phone Text Messaging and Telephone Follow-Up in Iranian Type 2 Diabetic Patients for 3 Months: A Comparative Study. Iranian J Diabetes and Obesity 2009, 1(1):45每51.",Editor,2012-11-06 00:00:00,2012-08-24 00:00:00,2.466666667,Duplication of Article;,N,N,Not reported,Others,N,,,,Type 2 diabetic,Single
1037,"Pavelka K, Trc T, Karpas K, et al. The efficacy and safety of diacerein in the treatment of painful osteoarthritis of the knee: a randomized, multicenter, double-blind, placebo-controlled study with primary end points at two months after the end of a three-month treatment period. Arthritis Rheum. 2007;56(12):4055-64.",Yes,No,,"The efficacy and safety of diacerein in the treatment of painful osteoarthritis of the knee: a randomized, multicenter, double-blind, placebo-controlled study with primary end points at two months after the end of a three-month treatment period",10.1002/art.23056,172,Pavelka K,Arthritis Rheum,,"Retraction: Pavelka, K., Tr ’c, T., Karpa ’s, K., V赤tek, P., Sedla ’ckova, M., Vlasakova, V., B?hmova, J. andRovensk?, J. (2007), The ef?cacy and safety of diacerein in the treatment of painful osteoarthritis of the knee:A randomized, multicenter, double-blind, placebo-controlled study with primary end points at two months afterthe end of a three-month treatment period. Arthritis & Rheumatism, 56: 4055-4064. https://doi.org/10.1002/art.23056. The above article, published online on November 29, 2007 in Wiley Online Library (wileyonlinelibrary.com),has been retracted by agreement between the journal＊s Editor-in-Chief, Dr. Daniel H. Solomon, the AmericanCollege of Rheumatology, and Wiley Periodicals LLC. The retraction has been agreed following a post-hoc analysisby the research＊s funder, TRB Chemedica International SA, that identi?ed a discrepancy between the preliminaryresults of the post-hoc analysis and the results of the published article. The statistical analysis performed usingthe original database is deemed no longer reliable and the conclusions of the original study regarding the ef?cacyof diacerein versus placebo are not supported by robust data. As a result, the editors and funder are issuing thisretraction",Editor,2023-06-20 00:00:00,2007-11-29 00:00:00,189.4,Error in Analyses;Error in Results and/or Conclusions;,N,N,Not reported,Industry,N,,,,Painful osteoarthritis of the knee,Multiple
1105,"Badawy A, Elnashar A, El-Ashry M, et al.Gonadotropin-releasing hormone agonists for prevention of chemotherapy-induced ovarian damage: prospective randomized study. Fertility and sterility, 2009, 91(3): 694-697.",Yes,No,,Gonadotropin-releasing hormone agonists for prevention of chemotherapy-induced ovarian damage: prospective randomized study,10.1016/j.fertnstert.2007.12.044,418,Badawy A,Fertility and sterility,,"This article has been retracted at the request of the ASRM Publications Committee and the Editor in Chief of Fertility & Ste rility. The Committee reviewed concerns related to the validity of data reported in this article. Based on significant errors in the reported data, the Committee asked the author for original data and other evidence pertaining to the underlying study, but satis factory evidence was not provided. The Committee andtheEditor in Chiefconcluded thatthey couldnot vouchforthe validity of the data and have recommended retraction of the article.",Editor,2023-07-27 00:00:00,2008-08-03 00:00:00,182.3666667,Concerns/Issues About Data;Date of Retraction/Other Unknown;Error in Data;Unreliable Data;,Data,N,Not reported,Not reported,N,,,,Ovarian damage,Not reported
1127,"El Refaeey A, Selem A, Badawy A. Combined coenzyme Q10 and clomiphene citrate for ovulation induction in clomiphene-citrate-resistant polycystic ovary syndrome. Reprod Biomed Online, 2014, 29(1): 119-24.",Yes,No,,Combined coenzyme q10 and clomiphene citrate for ovulation induction in clomiphene-citrate-resistant polycystic ovary syndrome,10.1016/j.rbmo.2014.03.011,93,El Refaeey A,Reprod Biomed Online,,"This article has been retracted: please see Elsevier Policy on Article Withdrawal (https://www.elsevier.com/about/policies/article-withdrawal). This article is being retracted at the request of the Editors. An Expression of Concern was previously published for this article while an investigation was conducted. This retraction notice replaces the earlier Expression of Concern. In response to several reports concerning the above paper, regarding the collection of data, the accuracy of analysis and data presentation, and conclusions presented in the article, RBMO Editors investigated to verify the validity of the issues raised and determine the appropriate status of the paper. The investigation followed Elsevier's policy on publishing ethics, the flowcharts and guidelines provided by COPE, and the ＆REAPPRAISED＊ checklist for the evaluation of publication integrity. The corresponding author and their institution have responded ?to the editor's inquiries and are unable to provide the trial data required to resolve the concerns. The authors advised that at the time the research was conducted, local policy required records to be destroyed after 5 years, thus, as the trial data are no longer available, post-publication concerns cannot be further investigated. Note at the time of submission, retention of raw data and data sharing was not a requirement. Additionally, the Editors were made aware that this article had been previously published in the Egyptian Journal of Fertility and Sterility: Khaled R. Zalata, A. A. E. (2013). ＆Combined coenzyme Q10 as an adjuvant for ovulation induction in polycystic ovary syndrome＊, The Egyptian Journal of Fertility and Sterility, 17(2), pp. 12-15. doi: 10.21608/egyfs.2013.257474 The previous publication was not referred to in this article. One of the conditions of submission of a paper for publication is that authors declare explicitly that their work is original and has not appeared in a publication elsewhere. Re-use of any data should be appropriately cited. Without the possibility of publishing a correction or explanation, the data presented in the paper remain unreliable and already form part of the published record in the previous article, and therefore, in line with COPE recommendations, the journal Editors agree that retraction is appropriate.",Editor,2023-09-06 00:00:00,2014-03-26 00:00:00,115.0333333,Concerns/Issues About Data;Concerns/Issues About Results;Duplication of Article;Euphemisms for Duplication;Investigation by Journal/Publisher;Investigation by Third Party;Original Data not Provided;Unreliable Data;Upgrade/Update of Prior Notice;,Data,N,Not reported,Not reported,Y,NCT01910766,2013/7/19,2010/1/1,Clomiphene-citrate-resistant polycystic ovary syndrome,Multiple
1129,"Shohayeb A, El-Khayat W. Does a single endometrial biopsy regimen (S-EBR) improve ICSI outcome in patients with repeated implantation failure? A randomised controlled trial. European journal of obstetrics, gynecology, and reproductive biology, 2012, 164(2): 176-179.",Yes,No,,Does a single endometrial biopsy regimen (s-ebr) improve icsi outcome in patients with repeated implantation failure? A randomised controlled trial,10.1016/j.ejogrb.2012.06.029,136,Shohayeb A,European journal of obstetrics,,"This article has been retracted: please see Elsevier Policy on Article Withdrawal (https://www.elsevier.com/about/policies/article-withdrawal). This article is being retracted at the request of the Editor in Chief. A reader contacted the journal expressing concerns about the plausibility of the data and conclusions of this article. This resulted in a re-examination of the statistical findings, which has caused us to lose confidence in the finding that implantation was improved in the treatment group. Original data was no longer available for assessment.",Editor,2023-09-14 00:00:00,2012-07-16 00:00:00,135.9,Concerns/Issues About Data;Concerns/Issues About Results;Date of Retraction/Other Unknown;Investigation by Journal/Publisher;Investigation by Third Party;Original Data not Provided;Unreliable Results;,Data,N,Not reported,Not reported,N,,,,Repeated implantation failure,Multiple
1162,"Ismail A M, Hamed A H, Saso S, et al.Adding l-carnitine to clomiphene resistant PCOS women improves the quality of ovulation and the pregnancy rate. A randomized clinical trial. European Journal of Obstetrics and Gynecology and Reproductive Biology, 2014, 180: 148-152.",Yes,No,,Adding l-carnitine to clomiphene resistant pcos women improves the quality of ovulation and the pregnancy rate. A randomized clinical trial,10.1016/j.ejogrb.2014.06.008,98,Ismail AM,European Journal of Obstetrics and Gynecology and Reproductive Biology,,This article has been retracted: please see Elsevier Policy on Article Withdrawal (https://www.elsevier.com/locate/withdrawalpolicy). This article has been retracted at the request of the Editor-in-Chief. The article is a duplicate of a paper that has already been published in Reprod Biomed Online. 2009 Oct;19(4):501-7. doi: 10.1016/j.rbmo.2009.06.007. Redundant publications overweigh the relative importance of published findings and distort the academic record of the authors. One of the conditions of submission of a paper for publication is therefore that authors declare explicitly that the paper has not been previously published and is not under consideration for publication elsewhere. As such this article represents a misuse of the scientific publishing system. The scientific community takes a very strong view on this matter and apologies are offered to readers of the journal that this was not detected during the submission process.,Editor,2023-10-06 00:00:00,2014-06-23 00:00:00,113.0666667,Duplication of Article;,N,N,Not reported,Not reported,N,,,,Clomiphene resistant pcos women,Single
1169,"Kamel H H. Role of phyto-oestrogens in ovulation induction in women with polycystic ovarian syndrome. European Journal of Obstetrics, Gynecology, and Reproductive Biology, 2013, 168(1): 60-63.",Yes,No,,Role of phyto-oestrogens in ovulation induction in women with polycystic ovarian syndrome,10.1016/j.ejogrb.2012.12.025,75,Kamel HH,European Journal of Obstetrics,,"This article has been retracted: please see Elsevier Policy on Article Withdrawal (https://www.elsevier.com/locate/withdrawalpolicy). This article has been retracted at the request of the Editor-in-Chief. The journal received a report indicating concerns about some of the reported p-values and other data points. The authorresponded to a request for the study protocol and raw dataset. However, there were strong doubts about the provenance of these files, as they appeared to have been created after the completion of the study. As a result, the editors no longer have confidence in the data underlying this paper, and have decided to retract.",Editor,2023-11-01 00:00:00,2013-01-21 00:00:00,131.2,Concerns/Issues About Data;Concerns/Issues About Results;Investigation by Third Party;Unreliable Data;,Data,N,Not reported,Not reported,N,,,,Polycystic ovarian syndrome,Single
1175,"Hajizadeh Maleki B, Tartibian B, Mooren FC,et al. Low-to-moderate intensity aerobic exercise training modulates irritable bowel syndrome through antioxidative and inflammatory mechanisms in women: Results of a randomized controlled trial. Cytokine. 2018;102:18-25.",Yes,No,,Low-to-moderate intensity aerobic exercise training modulates irritable bowel syndrome through antioxidative and inflammatory mechanisms in women: results of a randomized controlled trial,10.1016/j.cyto.2017.12.016,92,Hajizadeh Maleki B,Cytokine,,"This article has been retracted: please see Elsevier Policy on Article Withdrawal (https://www.elsevier.com/about/policies/article-withdrawal). This article has been retracted at the request of the Editor-in-Chief. Concerns were raised about the data calculations in the following papers published earlier in CYTOKINE by Dr. Behzad H. Maleki and colleagues: Behzad Hajizadeh Maleki, Bakhtyar Tartibian, Frank C. Mooren, Leah Z. FitzGerald, Karsten Kr邦ger, Mohammad Chehrazi, Abbas Malandish, Low-to-moderate intensity aerobic exercise training modulates irritable bowel syndrome through antioxidative and inflammatory mechanisms in women: Results of a randomized controlled trial, https://doi.org/10.1016/j.cyto.2017.12.016. Behzad Hajizadeh Maleki, Bakhtyar Tartibian, Moderate aerobic exercise training for improving reproductive function in infertile patients: A randomized controlled trial, https://doi.org/10.1016/j.cyto.2017.01.007. Behzad Hajizadeh Maleki, Bakhtyar Tartibian, Frank C. Mooren, Karsten Kr邦ger, Leah Z. FitzGerald, Mohammad Chehrazi, A randomized controlled trial examining the effects of 16 weeks of moderate-to-intensive cycling and honey supplementation on lymphocyte oxidative DNA damage and cytokine changes in male road cyclists, https://doi.org/10.1016/j.cyto.2016.09.016. Several data points reported in these papers appeared nearly identical, and the p-values appeared as likely incorrect. The journal launched an investigation to verify the concerns. An expert statistician, who is familiar with human clinical trials, reanalyzed the reported data and raised serious concerns about the sample sizes, calculation of p-values, lack of confidence intervals, appropriateness of the methods used for statistical analyses, and randomization. The journal contacted the corresponding author, Dr. Maleki, about these issues. He acknowledged the concerns raised and agreed with the retraction of these papers.",Editor,2023-12-05 00:00:00,2017-12-21 00:00:00,72.5,Concerns/Issues About Data;Concerns/Issues About Results;Investigation by Journal/Publisher;Investigation by Third Party;,Data,N,Not reported,Not reported,N,,,,Irritable bowel syndrome,Single
1215,"Ghofrani H A, Simonneau G, D'Armini A M, et al. Macitentan for the treatment of inoperable chronic thromboembolic pulmonary hypertension (MERIT-1): results from the multicentre, phase 2, randomised, double-blind, placebo-controlled study. The Lancet Respiratory Medicine, 2024, 12(4): e21-e30.",Yes,No,,"Macitentan for the treatment of inoperable chronic thromboembolic pulmonary hypertension (merit-1): results from the multicentre, phase 2, randomised, double-blind, placebo-controlled study",10.1016/S2213-2600(17)30305-3,326,Ghofrani HA,The Lancet Respiratory Medicine,,,Unclear,2024-03-26 00:00:00,2017-09-29 00:00:00,79,Concerns/Issues About Data;Error in Analyses;Error in Data;Error in Results and/or Conclusions;Investigation by Company/Institution;Investigation by Journal/Publisher;Investigation by Third Party;Retract and Replace;,Data,N,Not reported,Industry,Y,NCT02021292.,2013-12-20 00:00:00,2014-08-20 00:00:00,Inoperable chronic thromboembolic pulmonary hypertension,Multiple
1229,"Boldt J, Lehmann A, R?mpert R, et al. Volume therapy with a new hydroxyethyl starch solution in cardiac surgical patients before cardiopulmonary bypass. Journal of cardiothoracic and vascular anesthesia, 2000, 14(3): 264-268.",Yes,No,,Volume therapy with a new hydroxyethyl starch solution in cardiac surgical patients before cardiopulmonary bypass,10.1053/cr.2000.5857,102,Boldt J,Journal of cardiothoracic and vascular anesthesia,,"This article has been retracted at the request of the Editor-in-Chief, Dr. Joel Kaplan, based on the recommendations of Justus-Liebig-University Giessen following an internal review of research conducted by Joachim Boldt at this University and by following previous precedent such as the British Journal of Anaesthesia, as stated in ＆Further Retractions of Articles by Joachim Boldt＊ https://doi.org/10.1016/j.bja.2020.02.024. The review by Justus-Liebig-University identified inconsistencies in data reported by Dr. Boldt and concluded, ※JLU recommends that journal editors retract all papers where Dr. Boldt is the responsible author even if there is no obvious indication of falsification§. The Editor-in-Chief has, therefore, made the decision to retract this paper. The journal contacted the corresponding author, J. Boldt, and authors A.L, and F.I, who did not respond. The journal was unable to contact authors R.R, and G.H.",Editor,2024-06-05 00:00:00,2000-06-01 00:00:00,292.3333333,Complaints about Author;Concerns/Issues About Data;Date of Retraction/Other Unknown;Investigation by Company/Institution;,Data,N,Not reported,Not reported,N,,,,Cardiac surgical patients before cardiopulmonary bypass,Single
1233,"Boldt J, Thaler E, Lehmann A, et al. Pain management in cardiac surgery patients: comparison between standard therapy and patient-controlled analgesia regimen. Journal of cardiothoracic and vascular anesthesia, 1998, 12(6): 654-658.",Yes,No,,Pain management in cardiac surgery patients: comparison between standard therapy and patient-controlled analgesia regimen,10.1016/S1053-0770(98)90237-3,95,Boldt J,Journal of cardiothoracic and vascular anesthesia,,"This article has been retracted at the request of the Editor-in-Chief, Dr. Joel Kaplan, based on the recommendations of Justus-Liebig-University Giessen following an internal review of research conducted by Joachim Boldt at this University and by following previous precedent such as the British Journal of Anaesthesia, as stated in 'Further Retractions of Articles by Joachim Boldt' https://dx.doi.org/10.1016/j.bja.2020.02.024. The review by Justus-Liebig-University identified inconsistencies in data reported by Dr. Boldt and concluded, ""JLU recommends that journal editors retract all papers where Dr. Boldt is the responsible author even if there is no obvious indication of falsification"". The Editor-in-Chief has, therefore, made the decision to retract this paper. The journal contacted the corresponding author, J. Boldt, and authors A.L, and F.I, who did not respond. The journal was unable to contact authors E.T, and M.P.",Editor,2024-06-09 00:00:00,1998-12-01 00:00:00,310.7333333,Complaints about Author;Concerns/Issues About Data;Date of Retraction/Other Unknown;Investigation by Company/Institution;,Data,N,Not reported,Not reported,N,,,,Cardiac surgery,Single
1236,"Ahmadi S, Jamilian M, Karamali M, et al. Probiotic supplementation and the effects on weight loss, glycaemia and lipid profiles in women with polycystic ovary syndrome: a randomized, double-blind, placebo-controlled trial. Human Fertility, 2017, 20(4): 254-261.",Yes,No,,"Probiotic supplementation and the effects on weight loss, glycaemia and lipid profiles in women with polycystic ovary syndrome: a randomized, double-blind, placebo-controlled trial",10.1080/14647273.2017.1283446,117,Ahmadi S,Human Fertility,,"We, the editor and publisher of the journal Human Fertility have retracted the following article: Shahnaz Ahmadi, Mehri Jamilian, Maryam Karamali, Maryam Tajabadi-Ebrahimi, Parvaneh Jafari, Mohsen Taghizadeh, Mohammad Reza Memarzadeh & Zatollah Asemi (2017), Probiotic supplementation and the effects on weight loss, glycaemia and lipid profiles in women with polycystic ovary syndrome: a randomised, double-blind, placebo-controlled trial. Human Fertility, 20:4, 254每261, DOI: 10.1080/14647273.2017.1283446 Following publication, significant concerns were raised by a third party (Bolland et al., 2020) about the integrity of the data and the reported findings in the article. When approached for an explanation, the authors and their institution have been cooperative in providing some responses and documents. To verify the reported findings, the article and the documents provided by the authors were further evaluated by the journal editorial team, and also sent for review by an external statistical reviewer. Both the journal editorial team and the external statistical reviewer were unable to confirm the integrity of the trial design and the main outcome of the external review was that the article＊s results and conclusions are unreliable. Therefore, as the editorial team no longer have confidence in the reported conclusions the decision has been made to retract the article. The authors listed in the publication have been informed. The authors do not agree with the retraction. We have been informed in our decision-making by our editorial policies and the COPE guidelines. The retracted article will remain online to maintain the scholarly record, but it will be digitally watermarked on each page as ＆Retracted＊.",Editor,2024-07-02 00:00:00,2017-02-01 00:00:00,90.26666667,Concerns/Issues About Data;Concerns/Issues About Results;Concerns/Issues about Referencing/Attributions;Investigation by Journal/Publisher;Investigation by Third Party;Objections by Author(s);Unreliable Results;Upgrade/Update of Prior Notice;,Data,N,Not reported,Others,Y,IRCT201508025623N50.,2015-08-17 00:00:00,2015-08-03 00:00:00,Polycystic ovary syndrome,Multiple
1237,"Cetingoz E, Cam C, Sakall? M, et al. Progesterone effects on preterm birth in high-risk pregnancies: a randomized placebo-controlled trial. Archives of gynecology and obstetrics, 2011, 283: 423-429.",Yes,No,,Progesterone effects on preterm birth in high-risk pregnancies: a randomized placebo-controlled trial,10.1007/s00404-009-1351-2,204,Cetingoz E,Archives of gynecology and obstetrics,,"The Editor-in-Chief has retracted this article because concerns have been raised about the method of randomisation used in this study. The Editor-in-Chief therefore no longer has confidence in the results and conclusions reported. Elcin Cetingoz, Cetin Cam and Cem Celik disagree with this retraction. Mustafa Sakalli, Ates Karateke and Ali Sancak have not responded to correspondence from the Publisher about this retraction.",Editor,2024-07-24 00:00:00,2010-01-22 00:00:00,176.5666667,Concerns/Issues About Data;Unreliable Results;,Data,N,Not reported,Not reported,N,,,,Preterm birth in high-risk pregnancies,Multiple
